solid OpenSCAD_Model
  facet normal -1 0 0
    outer loop
      vertex 0 82.0711 122.929
      vertex 0 150 150
      vertex 0 150 0
    endloop
  endfacet
  facet normal -1 0 0
    outer loop
      vertex 0 150 150
      vertex 0 84.8079 128.049
      vertex 0 85 130
    endloop
  endfacet
  facet normal -1 0 0
    outer loop
      vertex 0 150 150
      vertex 0 84.2388 126.173
      vertex 0 84.8079 128.049
    endloop
  endfacet
  facet normal -1 0 0
    outer loop
      vertex 0 150 150
      vertex 0 83.3147 124.444
      vertex 0 84.2388 126.173
    endloop
  endfacet
  facet normal -1 0 0
    outer loop
      vertex 0 150 150
      vertex 0 82.0711 122.929
      vertex 0 83.3147 124.444
    endloop
  endfacet
  facet normal -1 0 0
    outer loop
      vertex 0 150 0
      vertex 0 80.5557 121.685
      vertex 0 82.0711 122.929
    endloop
  endfacet
  facet normal -1 0 0
    outer loop
      vertex 0 150 0
      vertex 0 78.8268 120.761
      vertex 0 80.5557 121.685
    endloop
  endfacet
  facet normal -1 0 0
    outer loop
      vertex 0 150 0
      vertex 0 76.9509 120.192
      vertex 0 78.8268 120.761
    endloop
  endfacet
  facet normal -1 0 0
    outer loop
      vertex 0 150 0
      vertex 0 75 120
      vertex 0 76.9509 120.192
    endloop
  endfacet
  facet normal -1 0 0
    outer loop
      vertex 0 0 0
      vertex 0 75 120
      vertex 0 150 0
    endloop
  endfacet
  facet normal -1 -0 0
    outer loop
      vertex 0 75 120
      vertex 0 0 0
      vertex 0 73.0491 120.192
    endloop
  endfacet
  facet normal -1 -0 0
    outer loop
      vertex 0 73.0491 120.192
      vertex 0 0 0
      vertex 0 71.1732 120.761
    endloop
  endfacet
  facet normal -1 -0 0
    outer loop
      vertex 0 71.1732 120.761
      vertex 0 0 0
      vertex 0 69.4443 121.685
    endloop
  endfacet
  facet normal -1 -0 0
    outer loop
      vertex 0 69.4443 121.685
      vertex 0 0 0
      vertex 0 67.9289 122.929
    endloop
  endfacet
  facet normal -1 0 0
    outer loop
      vertex 0 65.7612 126.173
      vertex 0 0 150
      vertex 0 65.1921 128.049
    endloop
  endfacet
  facet normal -1 0 0
    outer loop
      vertex 0 66.6853 124.444
      vertex 0 0 150
      vertex 0 65.7612 126.173
    endloop
  endfacet
  facet normal -1 0 0
    outer loop
      vertex 0 67.9289 122.929
      vertex 0 0 150
      vertex 0 66.6853 124.444
    endloop
  endfacet
  facet normal -1 0 0
    outer loop
      vertex 0 0 150
      vertex 0 67.9289 122.929
      vertex 0 0 0
    endloop
  endfacet
  facet normal -1 0 0
    outer loop
      vertex 0 84.8079 131.951
      vertex 0 150 150
      vertex 0 85 130
    endloop
  endfacet
  facet normal -1 0 0
    outer loop
      vertex 0 84.2388 133.827
      vertex 0 150 150
      vertex 0 84.8079 131.951
    endloop
  endfacet
  facet normal -1 0 0
    outer loop
      vertex 0 83.3147 135.556
      vertex 0 150 150
      vertex 0 84.2388 133.827
    endloop
  endfacet
  facet normal -1 0 0
    outer loop
      vertex 0 82.0711 137.071
      vertex 0 150 150
      vertex 0 83.3147 135.556
    endloop
  endfacet
  facet normal -1 0 0
    outer loop
      vertex 0 80.5557 138.315
      vertex 0 150 150
      vertex 0 82.0711 137.071
    endloop
  endfacet
  facet normal -1 0 0
    outer loop
      vertex 0 78.8268 139.239
      vertex 0 150 150
      vertex 0 80.5557 138.315
    endloop
  endfacet
  facet normal -1 0 0
    outer loop
      vertex 0 76.9509 139.808
      vertex 0 150 150
      vertex 0 78.8268 139.239
    endloop
  endfacet
  facet normal -1 0 0
    outer loop
      vertex 0 75 140
      vertex 0 150 150
      vertex 0 76.9509 139.808
    endloop
  endfacet
  facet normal -1 0 0
    outer loop
      vertex 0 0 150
      vertex 0 75 140
      vertex 0 73.0491 139.808
    endloop
  endfacet
  facet normal -1 0 0
    outer loop
      vertex 0 65.1921 128.049
      vertex 0 0 150
      vertex 0 65 130
    endloop
  endfacet
  facet normal -1 0 0
    outer loop
      vertex 0 65 130
      vertex 0 0 150
      vertex 0 65.1921 131.951
    endloop
  endfacet
  facet normal -1 0 0
    outer loop
      vertex 0 75 140
      vertex 0 0 150
      vertex 0 150 150
    endloop
  endfacet
  facet normal -1 0 0
    outer loop
      vertex 0 71.1732 139.239
      vertex 0 0 150
      vertex 0 73.0491 139.808
    endloop
  endfacet
  facet normal -1 0 0
    outer loop
      vertex 0 69.4443 138.315
      vertex 0 0 150
      vertex 0 71.1732 139.239
    endloop
  endfacet
  facet normal -1 0 0
    outer loop
      vertex 0 67.9289 137.071
      vertex 0 0 150
      vertex 0 69.4443 138.315
    endloop
  endfacet
  facet normal -1 0 0
    outer loop
      vertex 0 66.6853 135.556
      vertex 0 0 150
      vertex 0 67.9289 137.071
    endloop
  endfacet
  facet normal -1 0 0
    outer loop
      vertex 0 65.7612 133.827
      vertex 0 0 150
      vertex 0 66.6853 135.556
    endloop
  endfacet
  facet normal -1 0 0
    outer loop
      vertex 0 65.1921 131.951
      vertex 0 0 150
      vertex 0 65.7612 133.827
    endloop
  endfacet
  facet normal 0 0 1
    outer loop
      vertex 115 14 150
      vertex 85 14 150
      vertex 115 3 150
    endloop
  endfacet
  facet normal 0 0 1
    outer loop
      vertex 200 150 150
      vertex 197 147 150
      vertex 200 0 150
    endloop
  endfacet
  facet normal 0 0 1
    outer loop
      vertex 200 150 150
      vertex 157.5 148.5 150
      vertex 197 147 150
    endloop
  endfacet
  facet normal 0 0 1
    outer loop
      vertex 200 150 150
      vertex 142.5 148.5 150
      vertex 157.5 148.5 150
    endloop
  endfacet
  facet normal 0 0 1
    outer loop
      vertex 142.5 148.5 150
      vertex 57.5 148.5 150
      vertex 142.5 147 150
    endloop
  endfacet
  facet normal 0 0 1
    outer loop
      vertex 200 150 150
      vertex 57.5 148.5 150
      vertex 142.5 148.5 150
    endloop
  endfacet
  facet normal -0 0 1
    outer loop
      vertex 0 150 150
      vertex 57.5 148.5 150
      vertex 200 150 150
    endloop
  endfacet
  facet normal 0 0 1
    outer loop
      vertex 42.5 148.5 150
      vertex 37 147 150
      vertex 42.5 147 150
    endloop
  endfacet
  facet normal 0 0 1
    outer loop
      vertex 37 147 150
      vertex 35 147 150
      vertex 37 135 150
    endloop
  endfacet
  facet normal 0 0 1
    outer loop
      vertex 42.5 148.5 150
      vertex 35 147 150
      vertex 37 147 150
    endloop
  endfacet
  facet normal 0 0 1
    outer loop
      vertex 42.5 148.5 150
      vertex 22 147 150
      vertex 35 147 150
    endloop
  endfacet
  facet normal 0 0 1
    outer loop
      vertex 22 147 150
      vertex 20 147 150
      vertex 22 135 150
    endloop
  endfacet
  facet normal 0 0 1
    outer loop
      vertex 0 150 150
      vertex 22 147 150
      vertex 42.5 148.5 150
    endloop
  endfacet
  facet normal 0 0 1
    outer loop
      vertex 22 147 150
      vertex 0 150 150
      vertex 20 147 150
    endloop
  endfacet
  facet normal 0 0 1
    outer loop
      vertex 3 147 150
      vertex 0 150 150
      vertex 3 3 150
    endloop
  endfacet
  facet normal 0 0 1
    outer loop
      vertex 20 147 150
      vertex 0 150 150
      vertex 3 147 150
    endloop
  endfacet
  facet normal 0 0 1
    outer loop
      vertex 57.5 148.5 150
      vertex 0 150 150
      vertex 42.5 148.5 150
    endloop
  endfacet
  facet normal -0 0 1
    outer loop
      vertex 197 3 150
      vertex 200 0 150
      vertex 197 147 150
    endloop
  endfacet
  facet normal -0 0 1
    outer loop
      vertex 115 3 150
      vertex 200 0 150
      vertex 197 3 150
    endloop
  endfacet
  facet normal 0 0 1
    outer loop
      vertex 85 3 150
      vertex 115 3 150
      vertex 85 14 150
    endloop
  endfacet
  facet normal -0 0 1
    outer loop
      vertex 85 3 150
      vertex 200 0 150
      vertex 115 3 150
    endloop
  endfacet
  facet normal 0 0 1
    outer loop
      vertex 0 0 150
      vertex 85 3 150
      vertex 3 3 150
    endloop
  endfacet
  facet normal 0 0 1
    outer loop
      vertex 85 3 150
      vertex 0 0 150
      vertex 200 0 150
    endloop
  endfacet
  facet normal 0 0 1
    outer loop
      vertex 0 0 150
      vertex 3 3 150
      vertex 0 150 150
    endloop
  endfacet
  facet normal 0 0 1
    outer loop
      vertex 197 147 150
      vertex 157.5 148.5 150
      vertex 157.5 147 150
    endloop
  endfacet
  facet normal 0 0 1
    outer loop
      vertex 142.5 147 150
      vertex 57.5 148.5 150
      vertex 57.5 147 150
    endloop
  endfacet
  facet normal 0 0 1
    outer loop
      vertex 37 135 150
      vertex 35 147 150
      vertex 35 135 150
    endloop
  endfacet
  facet normal 0 0 1
    outer loop
      vertex 22 135 150
      vertex 20 147 150
      vertex 20 135 150
    endloop
  endfacet
  facet normal 1 -0 0
    outer loop
      vertex 200 0 150
      vertex 200 150 0
      vertex 200 150 150
    endloop
  endfacet
  facet normal 1 0 0
    outer loop
      vertex 200 150 0
      vertex 200 0 150
      vertex 200 0 0
    endloop
  endfacet
  facet normal 0 1 -0
    outer loop
      vertex 142.5 150 145
      vertex 57.5 150 148.5
      vertex 142.5 150 148.5
    endloop
  endfacet
  facet normal 0 1 0
    outer loop
      vertex 57.5 150 148.5
      vertex 142.5 150 145
      vertex 57.5 150 145
    endloop
  endfacet
  facet normal 0 1 0
    outer loop
      vertex 142.5 150 148.5
      vertex 200 150 150
      vertex 157.5 150 148.5
    endloop
  endfacet
  facet normal 0 1 0
    outer loop
      vertex 200 150 150
      vertex 157.5 150 145
      vertex 157.5 150 148.5
    endloop
  endfacet
  facet normal 0 1 0
    outer loop
      vertex 200 150 0
      vertex 142.5 150 145
      vertex 157.5 150 145
    endloop
  endfacet
  facet normal 0 1 0
    outer loop
      vertex 142.5 150 145
      vertex 200 150 0
      vertex 57.5 150 145
    endloop
  endfacet
  facet normal 0 1 0
    outer loop
      vertex 0 150 0
      vertex 57.5 150 145
      vertex 200 150 0
    endloop
  endfacet
  facet normal 0 1 -0
    outer loop
      vertex 200 150 0
      vertex 157.5 150 145
      vertex 200 150 150
    endloop
  endfacet
  facet normal 0 1 0
    outer loop
      vertex 200 150 150
      vertex 142.5 150 148.5
      vertex 0 150 150
    endloop
  endfacet
  facet normal 0 1 -0
    outer loop
      vertex 57.5 150 148.5
      vertex 0 150 150
      vertex 142.5 150 148.5
    endloop
  endfacet
  facet normal 0 1 -0
    outer loop
      vertex 42.5 150 148.5
      vertex 0 150 150
      vertex 57.5 150 148.5
    endloop
  endfacet
  facet normal 0 1 -0
    outer loop
      vertex 42.5 150 145
      vertex 0 150 150
      vertex 42.5 150 148.5
    endloop
  endfacet
  facet normal 0 1 0
    outer loop
      vertex 57.5 150 145
      vertex 0 150 0
      vertex 42.5 150 145
    endloop
  endfacet
  facet normal 0 1 0
    outer loop
      vertex 42.5 150 145
      vertex 0 150 0
      vertex 0 150 150
    endloop
  endfacet
  facet normal 0 0 -1
    outer loop
      vertex 0 0 0
      vertex 200 150 0
      vertex 200 0 0
    endloop
  endfacet
  facet normal -0 0 -1
    outer loop
      vertex 200 150 0
      vertex 0 0 0
      vertex 0 150 0
    endloop
  endfacet
  facet normal 0 -1 0
    outer loop
      vertex 0 0 150
      vertex 87.5 0 77
      vertex 200 0 150
    endloop
  endfacet
  facet normal 0 -1 0
    outer loop
      vertex 0 0 150
      vertex 87.5 0 75
      vertex 87.5 0 77
    endloop
  endfacet
  facet normal 0 -1 -0
    outer loop
      vertex 87.5 0 75
      vertex 0 0 0
      vertex 112.5 0 75
    endloop
  endfacet
  facet normal 0 -1 0
    outer loop
      vertex 0 0 0
      vertex 87.5 0 75
      vertex 0 0 150
    endloop
  endfacet
  facet normal 0 -1 0
    outer loop
      vertex 112.5 0 77
      vertex 200 0 150
      vertex 87.5 0 77
    endloop
  endfacet
  facet normal 0 -1 0
    outer loop
      vertex 112.5 0 75
      vertex 200 0 150
      vertex 112.5 0 77
    endloop
  endfacet
  facet normal 0 -1 0
    outer loop
      vertex 112.5 0 75
      vertex 200 0 0
      vertex 200 0 150
    endloop
  endfacet
  facet normal 0 -1 0
    outer loop
      vertex 200 0 0
      vertex 112.5 0 75
      vertex 0 0 0
    endloop
  endfacet
  facet normal 1 0 0
    outer loop
      vertex 3 84.8079 128.049
      vertex 3 147 150
      vertex 3 85 130
    endloop
  endfacet
  facet normal 1 0 0
    outer loop
      vertex 3 147 150
      vertex 3 84.8079 131.951
      vertex 3 85 130
    endloop
  endfacet
  facet normal 1 0 0
    outer loop
      vertex 3 147 150
      vertex 3 84.2388 133.827
      vertex 3 84.8079 131.951
    endloop
  endfacet
  facet normal 1 0 0
    outer loop
      vertex 3 147 150
      vertex 3 83.3147 135.556
      vertex 3 84.2388 133.827
    endloop
  endfacet
  facet normal 1 0 0
    outer loop
      vertex 3 147 150
      vertex 3 82.0711 137.071
      vertex 3 83.3147 135.556
    endloop
  endfacet
  facet normal 1 0 0
    outer loop
      vertex 3 147 150
      vertex 3 80.5557 138.315
      vertex 3 82.0711 137.071
    endloop
  endfacet
  facet normal 1 0 0
    outer loop
      vertex 3 147 150
      vertex 3 78.8268 139.239
      vertex 3 80.5557 138.315
    endloop
  endfacet
  facet normal 1 0 0
    outer loop
      vertex 3 147 150
      vertex 3 76.9509 139.808
      vertex 3 78.8268 139.239
    endloop
  endfacet
  facet normal 1 0 0
    outer loop
      vertex 3 147 150
      vertex 3 75 140
      vertex 3 76.9509 139.808
    endloop
  endfacet
  facet normal 1 -0 0
    outer loop
      vertex 3 3 150
      vertex 3 75 140
      vertex 3 147 150
    endloop
  endfacet
  facet normal 1 0 0
    outer loop
      vertex 3 65.1921 131.951
      vertex 3 3 150
      vertex 3 65 130
    endloop
  endfacet
  facet normal 1 0 0
    outer loop
      vertex 3 65.7612 133.827
      vertex 3 3 150
      vertex 3 65.1921 131.951
    endloop
  endfacet
  facet normal 1 0 0
    outer loop
      vertex 3 66.6853 135.556
      vertex 3 3 150
      vertex 3 65.7612 133.827
    endloop
  endfacet
  facet normal 1 0 0
    outer loop
      vertex 3 67.9289 137.071
      vertex 3 3 150
      vertex 3 66.6853 135.556
    endloop
  endfacet
  facet normal 1 0 0
    outer loop
      vertex 3 69.4443 138.315
      vertex 3 3 150
      vertex 3 67.9289 137.071
    endloop
  endfacet
  facet normal 1 0 0
    outer loop
      vertex 3 71.1732 139.239
      vertex 3 3 150
      vertex 3 69.4443 138.315
    endloop
  endfacet
  facet normal 1 0 0
    outer loop
      vertex 3 73.0491 139.808
      vertex 3 3 150
      vertex 3 71.1732 139.239
    endloop
  endfacet
  facet normal 1 0 0
    outer loop
      vertex 3 75 140
      vertex 3 3 150
      vertex 3 73.0491 139.808
    endloop
  endfacet
  facet normal 1 0 0
    outer loop
      vertex 3 84.2388 126.173
      vertex 3 147 150
      vertex 3 84.8079 128.049
    endloop
  endfacet
  facet normal 1 0 0
    outer loop
      vertex 3 83.3147 124.444
      vertex 3 147 150
      vertex 3 84.2388 126.173
    endloop
  endfacet
  facet normal 1 0 0
    outer loop
      vertex 3 147 150
      vertex 3 83.3147 124.444
      vertex 3 147 3
    endloop
  endfacet
  facet normal 1 -0 0
    outer loop
      vertex 3 82.0711 122.929
      vertex 3 147 3
      vertex 3 83.3147 124.444
    endloop
  endfacet
  facet normal 1 -0 0
    outer loop
      vertex 3 80.5557 121.685
      vertex 3 147 3
      vertex 3 82.0711 122.929
    endloop
  endfacet
  facet normal 1 -0 0
    outer loop
      vertex 3 78.8268 120.761
      vertex 3 147 3
      vertex 3 80.5557 121.685
    endloop
  endfacet
  facet normal 1 -0 0
    outer loop
      vertex 3 76.9509 120.192
      vertex 3 147 3
      vertex 3 78.8268 120.761
    endloop
  endfacet
  facet normal 1 -0 0
    outer loop
      vertex 3 75 120
      vertex 3 147 3
      vertex 3 76.9509 120.192
    endloop
  endfacet
  facet normal 1 0 0
    outer loop
      vertex 3 3 3
      vertex 3 75 120
      vertex 3 73.0491 120.192
    endloop
  endfacet
  facet normal 1 0 0
    outer loop
      vertex 3 3 3
      vertex 3 73.0491 120.192
      vertex 3 71.1732 120.761
    endloop
  endfacet
  facet normal 1 0 0
    outer loop
      vertex 3 3 3
      vertex 3 71.1732 120.761
      vertex 3 69.4443 121.685
    endloop
  endfacet
  facet normal 1 0 0
    outer loop
      vertex 3 3 3
      vertex 3 69.4443 121.685
      vertex 3 67.9289 122.929
    endloop
  endfacet
  facet normal 1 0 0
    outer loop
      vertex 3 3 3
      vertex 3 67.9289 122.929
      vertex 3 66.6853 124.444
    endloop
  endfacet
  facet normal 1 0 0
    outer loop
      vertex 3 3 150
      vertex 3 65.1921 128.049
      vertex 3 65 130
    endloop
  endfacet
  facet normal 1 0 0
    outer loop
      vertex 3 3 150
      vertex 3 65.7612 126.173
      vertex 3 65.1921 128.049
    endloop
  endfacet
  facet normal 1 0 0
    outer loop
      vertex 3 3 150
      vertex 3 66.6853 124.444
      vertex 3 65.7612 126.173
    endloop
  endfacet
  facet normal 1 0 0
    outer loop
      vertex 3 3 3
      vertex 3 66.6853 124.444
      vertex 3 3 150
    endloop
  endfacet
  facet normal 1 0 0
    outer loop
      vertex 3 75 120
      vertex 3 3 3
      vertex 3 147 3
    endloop
  endfacet
  facet normal -1 0 0
    outer loop
      vertex 197 3 3
      vertex 197 147 150
      vertex 197 147 3
    endloop
  endfacet
  facet normal -1 -0 0
    outer loop
      vertex 197 147 150
      vertex 197 3 3
      vertex 197 3 150
    endloop
  endfacet
  facet normal -0 0 1
    outer loop
      vertex 3 147 3
      vertex 197 3 3
      vertex 197 147 3
    endloop
  endfacet
  facet normal 0 0 1
    outer loop
      vertex 197 3 3
      vertex 3 147 3
      vertex 3 3 3
    endloop
  endfacet
  facet normal 0 1 0
    outer loop
      vertex 197 3 150
      vertex 115 3 114
      vertex 115 3 150
    endloop
  endfacet
  facet normal 0 1 0
    outer loop
      vertex 115 3 114
      vertex 112.5 3 77
      vertex 85 3 114
    endloop
  endfacet
  facet normal 0 1 0
    outer loop
      vertex 197 3 150
      vertex 112.5 3 77
      vertex 115 3 114
    endloop
  endfacet
  facet normal 0 1 0
    outer loop
      vertex 197 3 150
      vertex 112.5 3 75
      vertex 112.5 3 77
    endloop
  endfacet
  facet normal 0 1 0
    outer loop
      vertex 112.5 3 75
      vertex 197 3 3
      vertex 87.5 3 75
    endloop
  endfacet
  facet normal 0 1 -0
    outer loop
      vertex 197 3 3
      vertex 112.5 3 75
      vertex 197 3 150
    endloop
  endfacet
  facet normal 0 1 -0
    outer loop
      vertex 85 3 114
      vertex 3 3 150
      vertex 85 3 150
    endloop
  endfacet
  facet normal 0 1 -0
    outer loop
      vertex 87.5 3 77
      vertex 85 3 114
      vertex 112.5 3 77
    endloop
  endfacet
  facet normal 0 1 0
    outer loop
      vertex 85 3 114
      vertex 87.5 3 77
      vertex 3 3 150
    endloop
  endfacet
  facet normal 0 1 -0
    outer loop
      vertex 87.5 3 75
      vertex 3 3 150
      vertex 87.5 3 77
    endloop
  endfacet
  facet normal 0 1 0
    outer loop
      vertex 87.5 3 75
      vertex 3 3 3
      vertex 3 3 150
    endloop
  endfacet
  facet normal 0 1 0
    outer loop
      vertex 3 3 3
      vertex 87.5 3 75
      vertex 197 3 3
    endloop
  endfacet
  facet normal 0 1 -0
    outer loop
      vertex 105 3 132
      vertex 95 3 144
      vertex 105 3 144
    endloop
  endfacet
  facet normal 0 1 0
    outer loop
      vertex 95 3 144
      vertex 105 3 132
      vertex 95 3 132
    endloop
  endfacet
  facet normal 0 -1 0
    outer loop
      vertex 3 147 150
      vertex 20 147 136
      vertex 20 147 150
    endloop
  endfacet
  facet normal 0 -1 -0
    outer loop
      vertex 20 147 136
      vertex 3 147 3
      vertex 37 147 136
    endloop
  endfacet
  facet normal 0 -1 0
    outer loop
      vertex 3 147 3
      vertex 20 147 136
      vertex 3 147 150
    endloop
  endfacet
  facet normal 0 -1 0
    outer loop
      vertex 37 147 150
      vertex 42.5 147 146.025
      vertex 42.5 147 150
    endloop
  endfacet
  facet normal 0 -1 0
    outer loop
      vertex 37 147 136
      vertex 57.5 147 146.025
      vertex 42.5 147 146.025
    endloop
  endfacet
  facet normal 0 -1 0
    outer loop
      vertex 3 147 3
      vertex 57.5 147 146.025
      vertex 37 147 136
    endloop
  endfacet
  facet normal 0 -1 -0
    outer loop
      vertex 57.5 147 146.025
      vertex 3 147 3
      vertex 142.5 147 146.025
    endloop
  endfacet
  facet normal 0 -1 0
    outer loop
      vertex 37 147 136
      vertex 42.5 147 146.025
      vertex 37 147 150
    endloop
  endfacet
  facet normal 0 -1 0
    outer loop
      vertex 57.5 147 146.025
      vertex 142.5 147 150
      vertex 57.5 147 150
    endloop
  endfacet
  facet normal 0 -1 -0
    outer loop
      vertex 142.5 147 150
      vertex 57.5 147 146.025
      vertex 142.5 147 146.025
    endloop
  endfacet
  facet normal 0 -1 0
    outer loop
      vertex 157.5 147 146.025
      vertex 197 147 150
      vertex 157.5 147 150
    endloop
  endfacet
  facet normal 0 -1 -0
    outer loop
      vertex 142.5 147 146.025
      vertex 3 147 3
      vertex 197 147 3
    endloop
  endfacet
  facet normal 0 -1 0
    outer loop
      vertex 142.5 147 146.025
      vertex 197 147 3
      vertex 157.5 147 146.025
    endloop
  endfacet
  facet normal 0 -1 0
    outer loop
      vertex 157.5 147 146.025
      vertex 197 147 3
      vertex 197 147 150
    endloop
  endfacet
  facet normal 0 -1 0
    outer loop
      vertex 22 147 139
      vertex 35 147 150
      vertex 22 147 150
    endloop
  endfacet
  facet normal 0 -1 -0
    outer loop
      vertex 35 147 150
      vertex 22 147 139
      vertex 35 147 139
    endloop
  endfacet
  facet normal 1 -0 0
    outer loop
      vertex 87.5 0 77
      vertex 87.5 3 75
      vertex 87.5 3 77
    endloop
  endfacet
  facet normal 1 0 0
    outer loop
      vertex 87.5 3 75
      vertex 87.5 0 77
      vertex 87.5 0 75
    endloop
  endfacet
  facet normal 0 0 -1
    outer loop
      vertex 87.5 0 77
      vertex 112.5 3 77
      vertex 112.5 0 77
    endloop
  endfacet
  facet normal -0 0 -1
    outer loop
      vertex 112.5 3 77
      vertex 87.5 0 77
      vertex 87.5 3 77
    endloop
  endfacet
  facet normal -1 0 0
    outer loop
      vertex 112.5 0 75
      vertex 112.5 3 77
      vertex 112.5 3 75
    endloop
  endfacet
  facet normal -1 -0 0
    outer loop
      vertex 112.5 3 77
      vertex 112.5 0 75
      vertex 112.5 0 77
    endloop
  endfacet
  facet normal -0 0 1
    outer loop
      vertex 87.5 3 75
      vertex 112.5 0 75
      vertex 112.5 3 75
    endloop
  endfacet
  facet normal 0 0 1
    outer loop
      vertex 112.5 0 75
      vertex 87.5 3 75
      vertex 87.5 0 75
    endloop
  endfacet
  facet normal -0 0.471398 0.88192
    outer loop
      vertex 0 71.1732 120.761
      vertex 3 69.4443 121.685
      vertex 3 71.1732 120.761
    endloop
  endfacet
  facet normal 0 0.471398 0.88192
    outer loop
      vertex 3 69.4443 121.685
      vertex 0 71.1732 120.761
      vertex 0 69.4443 121.685
    endloop
  endfacet
  facet normal 0 0.995185 0.098017
    outer loop
      vertex 3 65.1921 128.049
      vertex 0 65 130
      vertex 3 65 130
    endloop
  endfacet
  facet normal 0 0.995185 0.098017
    outer loop
      vertex 0 65 130
      vertex 3 65.1921 128.049
      vertex 0 65.1921 128.049
    endloop
  endfacet
  facet normal 0 -0.634394 0.77301
    outer loop
      vertex 0 82.0711 122.929
      vertex 3 80.5557 121.685
      vertex 3 82.0711 122.929
    endloop
  endfacet
  facet normal 0 -0.634394 0.77301
    outer loop
      vertex 3 80.5557 121.685
      vertex 0 82.0711 122.929
      vertex 0 80.5557 121.685
    endloop
  endfacet
  facet normal 0 0.0980205 -0.995184
    outer loop
      vertex 0 73.0491 139.808
      vertex 3 75 140
      vertex 3 73.0491 139.808
    endloop
  endfacet
  facet normal 0 0.0980205 -0.995184
    outer loop
      vertex 3 75 140
      vertex 0 73.0491 139.808
      vertex 0 75 140
    endloop
  endfacet
  facet normal -0 0.0980166 0.995185
    outer loop
      vertex 0 75 120
      vertex 3 73.0491 120.192
      vertex 3 75 120
    endloop
  endfacet
  facet normal 0 0.0980166 0.995185
    outer loop
      vertex 3 73.0491 120.192
      vertex 0 75 120
      vertex 0 73.0491 120.192
    endloop
  endfacet
  facet normal 0 -0.290283 0.956941
    outer loop
      vertex 0 78.8268 120.761
      vertex 3 76.9509 120.192
      vertex 3 78.8268 120.761
    endloop
  endfacet
  facet normal 0 -0.290283 0.956941
    outer loop
      vertex 3 76.9509 120.192
      vertex 0 78.8268 120.761
      vertex 0 76.9509 120.192
    endloop
  endfacet
  facet normal 0 0.634391 -0.773012
    outer loop
      vertex 0 67.9289 137.071
      vertex 3 69.4443 138.315
      vertex 3 67.9289 137.071
    endloop
  endfacet
  facet normal 0 0.634391 -0.773012
    outer loop
      vertex 3 69.4443 138.315
      vertex 0 67.9289 137.071
      vertex 0 69.4443 138.315
    endloop
  endfacet
  facet normal 0 0.956941 0.290282
    outer loop
      vertex 3 65.7612 126.173
      vertex 0 65.1921 128.049
      vertex 3 65.1921 128.049
    endloop
  endfacet
  facet normal 0 0.956941 0.290282
    outer loop
      vertex 0 65.1921 128.049
      vertex 3 65.7612 126.173
      vertex 0 65.7612 126.173
    endloop
  endfacet
  facet normal 0 -0.881922 0.471395
    outer loop
      vertex 0 83.3147 124.444
      vertex 3 84.2388 126.173
      vertex 0 84.2388 126.173
    endloop
  endfacet
  facet normal 0 -0.881922 0.471395
    outer loop
      vertex 3 84.2388 126.173
      vertex 0 83.3147 124.444
      vertex 3 83.3147 124.444
    endloop
  endfacet
  facet normal 0 -0.773013 -0.63439
    outer loop
      vertex 0 83.3147 135.556
      vertex 3 82.0711 137.071
      vertex 0 82.0711 137.071
    endloop
  endfacet
  facet normal 0 -0.773013 -0.63439
    outer loop
      vertex 3 82.0711 137.071
      vertex 0 83.3147 135.556
      vertex 3 83.3147 135.556
    endloop
  endfacet
  facet normal 0 -0.95694 -0.290286
    outer loop
      vertex 0 84.8079 131.951
      vertex 3 84.2388 133.827
      vertex 0 84.2388 133.827
    endloop
  endfacet
  facet normal 0 -0.95694 -0.290286
    outer loop
      vertex 3 84.2388 133.827
      vertex 0 84.8079 131.951
      vertex 3 84.8079 131.951
    endloop
  endfacet
  facet normal 0 -0.0980166 0.995185
    outer loop
      vertex 0 76.9509 120.192
      vertex 3 75 120
      vertex 3 76.9509 120.192
    endloop
  endfacet
  facet normal 0 -0.0980166 0.995185
    outer loop
      vertex 3 75 120
      vertex 0 76.9509 120.192
      vertex 0 75 120
    endloop
  endfacet
  facet normal 0 0.77301 0.634394
    outer loop
      vertex 3 67.9289 122.929
      vertex 0 66.6853 124.444
      vertex 3 66.6853 124.444
    endloop
  endfacet
  facet normal 0 0.77301 0.634394
    outer loop
      vertex 0 66.6853 124.444
      vertex 3 67.9289 122.929
      vertex 0 67.9289 122.929
    endloop
  endfacet
  facet normal -0 0.290283 0.956941
    outer loop
      vertex 0 73.0491 120.192
      vertex 3 71.1732 120.761
      vertex 3 73.0491 120.192
    endloop
  endfacet
  facet normal 0 0.290283 0.956941
    outer loop
      vertex 3 71.1732 120.761
      vertex 0 73.0491 120.192
      vertex 0 71.1732 120.761
    endloop
  endfacet
  facet normal -0 0.634394 0.77301
    outer loop
      vertex 0 69.4443 121.685
      vertex 3 67.9289 122.929
      vertex 3 69.4443 121.685
    endloop
  endfacet
  facet normal 0 0.634394 0.77301
    outer loop
      vertex 3 67.9289 122.929
      vertex 0 69.4443 121.685
      vertex 0 67.9289 122.929
    endloop
  endfacet
  facet normal 0 -0.471398 0.88192
    outer loop
      vertex 0 80.5557 121.685
      vertex 3 78.8268 120.761
      vertex 3 80.5557 121.685
    endloop
  endfacet
  facet normal 0 -0.471398 0.88192
    outer loop
      vertex 3 78.8268 120.761
      vertex 0 80.5557 121.685
      vertex 0 78.8268 120.761
    endloop
  endfacet
  facet normal 0 -0.95694 0.290285
    outer loop
      vertex 0 84.2388 126.173
      vertex 3 84.8079 128.049
      vertex 0 84.8079 128.049
    endloop
  endfacet
  facet normal 0 -0.95694 0.290285
    outer loop
      vertex 3 84.8079 128.049
      vertex 0 84.2388 126.173
      vertex 3 84.2388 126.173
    endloop
  endfacet
  facet normal 0 -0.290279 -0.956942
    outer loop
      vertex 0 76.9509 139.808
      vertex 3 78.8268 139.239
      vertex 3 76.9509 139.808
    endloop
  endfacet
  facet normal -0 -0.290279 -0.956942
    outer loop
      vertex 3 78.8268 139.239
      vertex 0 76.9509 139.808
      vertex 0 78.8268 139.239
    endloop
  endfacet
  facet normal 0 -0.995185 -0.098017
    outer loop
      vertex 0 85 130
      vertex 3 84.8079 131.951
      vertex 0 84.8079 131.951
    endloop
  endfacet
  facet normal 0 -0.995185 -0.098017
    outer loop
      vertex 3 84.8079 131.951
      vertex 0 85 130
      vertex 3 85 130
    endloop
  endfacet
  facet normal 0 0.290279 -0.956942
    outer loop
      vertex 0 71.1732 139.239
      vertex 3 73.0491 139.808
      vertex 3 71.1732 139.239
    endloop
  endfacet
  facet normal 0 0.290279 -0.956942
    outer loop
      vertex 3 73.0491 139.808
      vertex 0 71.1732 139.239
      vertex 0 73.0491 139.808
    endloop
  endfacet
  facet normal 0 0.88192 0.471398
    outer loop
      vertex 3 66.6853 124.444
      vertex 0 65.7612 126.173
      vertex 3 65.7612 126.173
    endloop
  endfacet
  facet normal 0 0.88192 0.471398
    outer loop
      vertex 0 65.7612 126.173
      vertex 3 66.6853 124.444
      vertex 0 66.6853 124.444
    endloop
  endfacet
  facet normal 0 -0.995185 0.098017
    outer loop
      vertex 0 84.8079 128.049
      vertex 3 85 130
      vertex 0 85 130
    endloop
  endfacet
  facet normal 0 -0.995185 0.098017
    outer loop
      vertex 3 85 130
      vertex 0 84.8079 128.049
      vertex 3 84.8079 128.049
    endloop
  endfacet
  facet normal 0 -0.471398 -0.88192
    outer loop
      vertex 0 78.8268 139.239
      vertex 3 80.5557 138.315
      vertex 3 78.8268 139.239
    endloop
  endfacet
  facet normal -0 -0.471398 -0.88192
    outer loop
      vertex 3 80.5557 138.315
      vertex 0 78.8268 139.239
      vertex 0 80.5557 138.315
    endloop
  endfacet
  facet normal 0 -0.881922 -0.471395
    outer loop
      vertex 0 84.2388 133.827
      vertex 3 83.3147 135.556
      vertex 0 83.3147 135.556
    endloop
  endfacet
  facet normal 0 -0.881922 -0.471395
    outer loop
      vertex 3 83.3147 135.556
      vertex 0 84.2388 133.827
      vertex 3 84.2388 133.827
    endloop
  endfacet
  facet normal 0 -0.0980205 -0.995184
    outer loop
      vertex 0 75 140
      vertex 3 76.9509 139.808
      vertex 3 75 140
    endloop
  endfacet
  facet normal -0 -0.0980205 -0.995184
    outer loop
      vertex 3 76.9509 139.808
      vertex 0 75 140
      vertex 0 76.9509 139.808
    endloop
  endfacet
  facet normal 0 -0.77301 0.634394
    outer loop
      vertex 0 82.0711 122.929
      vertex 3 83.3147 124.444
      vertex 0 83.3147 124.444
    endloop
  endfacet
  facet normal 0 -0.77301 0.634394
    outer loop
      vertex 3 83.3147 124.444
      vertex 0 82.0711 122.929
      vertex 3 82.0711 122.929
    endloop
  endfacet
  facet normal 0 -0.634391 -0.773012
    outer loop
      vertex 0 80.5557 138.315
      vertex 3 82.0711 137.071
      vertex 3 80.5557 138.315
    endloop
  endfacet
  facet normal -0 -0.634391 -0.773012
    outer loop
      vertex 3 82.0711 137.071
      vertex 0 80.5557 138.315
      vertex 0 82.0711 137.071
    endloop
  endfacet
  facet normal 0 0.995185 -0.098017
    outer loop
      vertex 3 65 130
      vertex 0 65.1921 131.951
      vertex 3 65.1921 131.951
    endloop
  endfacet
  facet normal 0 0.995185 -0.098017
    outer loop
      vertex 0 65.1921 131.951
      vertex 3 65 130
      vertex 0 65 130
    endloop
  endfacet
  facet normal 0 0.471398 -0.88192
    outer loop
      vertex 0 69.4443 138.315
      vertex 3 71.1732 139.239
      vertex 3 69.4443 138.315
    endloop
  endfacet
  facet normal 0 0.471398 -0.88192
    outer loop
      vertex 3 71.1732 139.239
      vertex 0 69.4443 138.315
      vertex 0 71.1732 139.239
    endloop
  endfacet
  facet normal 0 0.956941 -0.290283
    outer loop
      vertex 3 65.1921 131.951
      vertex 0 65.7612 133.827
      vertex 3 65.7612 133.827
    endloop
  endfacet
  facet normal 0 0.956941 -0.290283
    outer loop
      vertex 0 65.7612 133.827
      vertex 3 65.1921 131.951
      vertex 0 65.1921 131.951
    endloop
  endfacet
  facet normal 0 0.88192 -0.471398
    outer loop
      vertex 3 65.7612 133.827
      vertex 0 66.6853 135.556
      vertex 3 66.6853 135.556
    endloop
  endfacet
  facet normal 0 0.88192 -0.471398
    outer loop
      vertex 0 66.6853 135.556
      vertex 3 65.7612 133.827
      vertex 0 65.7612 133.827
    endloop
  endfacet
  facet normal 0 0.773013 -0.63439
    outer loop
      vertex 3 66.6853 135.556
      vertex 0 67.9289 137.071
      vertex 3 67.9289 137.071
    endloop
  endfacet
  facet normal 0 0.773013 -0.63439
    outer loop
      vertex 0 67.9289 137.071
      vertex 3 66.6853 135.556
      vertex 0 66.6853 135.556
    endloop
  endfacet
  facet normal -1 0 0
    outer loop
      vertex 85 3 114
      vertex 85 14 125
      vertex 85 3.1 114
    endloop
  endfacet
  facet normal -1 -0 0
    outer loop
      vertex 85 14 125
      vertex 85 3 114
      vertex 85 3 150
    endloop
  endfacet
  facet normal -1 0 0
    outer loop
      vertex 85 14 125
      vertex 85 3 150
      vertex 85 14 150
    endloop
  endfacet
  facet normal 1 -0 0
    outer loop
      vertex 115 3 150
      vertex 115 14 125
      vertex 115 14 150
    endloop
  endfacet
  facet normal 1 0 0
    outer loop
      vertex 115 3 114
      vertex 115 14 125
      vertex 115 3 150
    endloop
  endfacet
  facet normal 1 0 0
    outer loop
      vertex 115 14 125
      vertex 115 3 114
      vertex 115 3.1 114
    endloop
  endfacet
  facet normal 0 1 0
    outer loop
      vertex 115 14 150
      vertex 105 14 144
      vertex 85 14 150
    endloop
  endfacet
  facet normal 0 1 0
    outer loop
      vertex 115 14 150
      vertex 105 14 132
      vertex 105 14 144
    endloop
  endfacet
  facet normal 0 1 0
    outer loop
      vertex 105 14 132
      vertex 115 14 125
      vertex 95 14 132
    endloop
  endfacet
  facet normal 0 1 -0
    outer loop
      vertex 115 14 125
      vertex 105 14 132
      vertex 115 14 150
    endloop
  endfacet
  facet normal 0 1 -0
    outer loop
      vertex 95 14 144
      vertex 85 14 150
      vertex 105 14 144
    endloop
  endfacet
  facet normal 0 1 -0
    outer loop
      vertex 95 14 132
      vertex 85 14 150
      vertex 95 14 144
    endloop
  endfacet
  facet normal 0 1 0
    outer loop
      vertex 95 14 132
      vertex 85 14 125
      vertex 85 14 150
    endloop
  endfacet
  facet normal 0 1 0
    outer loop
      vertex 85 14 125
      vertex 95 14 132
      vertex 115 14 125
    endloop
  endfacet
  facet normal 0 0 -1
    outer loop
      vertex 85 3 114
      vertex 115 3.1 114
      vertex 115 3 114
    endloop
  endfacet
  facet normal -0 0 -1
    outer loop
      vertex 115 3.1 114
      vertex 85 3 114
      vertex 85 3.1 114
    endloop
  endfacet
  facet normal 0 0.710328 -0.703871
    outer loop
      vertex 115 3.1 114
      vertex 85 14 125
      vertex 115 14 125
    endloop
  endfacet
  facet normal 0 0.710328 -0.703871
    outer loop
      vertex 85 14 125
      vertex 115 3.1 114
      vertex 85 3.1 114
    endloop
  endfacet
  facet normal 1 -0 0
    outer loop
      vertex 95 3 144
      vertex 95 14 132
      vertex 95 14 144
    endloop
  endfacet
  facet normal 1 0 0
    outer loop
      vertex 95 14 132
      vertex 95 3 144
      vertex 95 3 132
    endloop
  endfacet
  facet normal 0 0 -1
    outer loop
      vertex 95 3 144
      vertex 105 14 144
      vertex 105 3 144
    endloop
  endfacet
  facet normal -0 0 -1
    outer loop
      vertex 105 14 144
      vertex 95 3 144
      vertex 95 14 144
    endloop
  endfacet
  facet normal -1 0 0
    outer loop
      vertex 105 3 132
      vertex 105 14 144
      vertex 105 14 132
    endloop
  endfacet
  facet normal -1 -0 0
    outer loop
      vertex 105 14 144
      vertex 105 3 132
      vertex 105 3 144
    endloop
  endfacet
  facet normal -0 0 1
    outer loop
      vertex 95 14 132
      vertex 105 3 132
      vertex 105 14 132
    endloop
  endfacet
  facet normal 0 0 1
    outer loop
      vertex 105 3 132
      vertex 95 14 132
      vertex 95 3 132
    endloop
  endfacet
  facet normal 0 0.0980131 -0.995185
    outer loop
      vertex 42.5 150 145
      vertex 57.5 150.975 145.096
      vertex 57.5 150 145
    endloop
  endfacet
  facet normal 0 0.0980131 -0.995185
    outer loop
      vertex 57.5 150.975 145.096
      vertex 42.5 150 145
      vertex 42.5 150.975 145.096
    endloop
  endfacet
  facet normal -0 0.0980131 0.995185
    outer loop
      vertex 42.5 150.975 154.904
      vertex 57.5 150 155
      vertex 57.5 150.975 154.904
    endloop
  endfacet
  facet normal 0 0.0980131 0.995185
    outer loop
      vertex 57.5 150 155
      vertex 42.5 150.975 154.904
      vertex 42.5 150 155
    endloop
  endfacet
  facet normal 0 0.995185 -0.0980131
    outer loop
      vertex 57.5 154.904 149.025
      vertex 42.5 155 150
      vertex 57.5 155 150
    endloop
  endfacet
  facet normal 0 0.995185 -0.0980131
    outer loop
      vertex 42.5 155 150
      vertex 57.5 154.904 149.025
      vertex 42.5 154.904 149.025
    endloop
  endfacet
  facet normal 0 0.634387 -0.773015
    outer loop
      vertex 42.5 152.778 145.843
      vertex 57.5 153.536 146.464
      vertex 57.5 152.778 145.843
    endloop
  endfacet
  facet normal 0 0.634387 -0.773015
    outer loop
      vertex 57.5 153.536 146.464
      vertex 42.5 152.778 145.843
      vertex 42.5 153.536 146.464
    endloop
  endfacet
  facet normal 0 0.773015 0.634387
    outer loop
      vertex 57.5 154.157 152.778
      vertex 42.5 153.536 153.536
      vertex 57.5 153.536 153.536
    endloop
  endfacet
  facet normal 0 0.773015 0.634387
    outer loop
      vertex 42.5 153.536 153.536
      vertex 57.5 154.157 152.778
      vertex 42.5 154.157 152.778
    endloop
  endfacet
  facet normal 0 0.95694 0.290284
    outer loop
      vertex 57.5 154.904 150.975
      vertex 42.5 154.619 151.913
      vertex 57.5 154.619 151.913
    endloop
  endfacet
  facet normal 0 0.95694 0.290284
    outer loop
      vertex 42.5 154.619 151.913
      vertex 57.5 154.904 150.975
      vertex 42.5 154.904 150.975
    endloop
  endfacet
  facet normal 0 -0.773015 -0.634387
    outer loop
      vertex 42.5 146.464 146.464
      vertex 57.5 145.843 147.222
      vertex 42.5 145.843 147.222
    endloop
  endfacet
  facet normal 0 -0.773015 -0.634387
    outer loop
      vertex 57.5 145.843 147.222
      vertex 42.5 146.464 146.464
      vertex 57.5 146.464 146.464
    endloop
  endfacet
  facet normal 0 -0.634388 -0.773014
    outer loop
      vertex 42.5 146.464 146.464
      vertex 57.5 147 146.025
      vertex 57.5 146.464 146.464
    endloop
  endfacet
  facet normal -0 -0.634388 -0.773014
    outer loop
      vertex 57.5 147 146.025
      vertex 42.5 146.464 146.464
      vertex 42.5 147 146.025
    endloop
  endfacet
  facet normal -1 0 0
    outer loop
      vertex 42.5 147 146.025
      vertex 42.5 146.464 146.464
      vertex 42.5 147 150
    endloop
  endfacet
  facet normal -1 0 0
    outer loop
      vertex 42.5 151.5 150
      vertex 42.5 155 150
      vertex 42.5 154.904 149.025
    endloop
  endfacet
  facet normal -1 0 0
    outer loop
      vertex 42.5 151.471 149.707
      vertex 42.5 154.904 149.025
      vertex 42.5 154.619 148.087
    endloop
  endfacet
  facet normal -1 0 0
    outer loop
      vertex 42.5 155 150
      vertex 42.5 151.5 150
      vertex 42.5 154.904 150.975
    endloop
  endfacet
  facet normal -1 0 0
    outer loop
      vertex 42.5 151.386 149.426
      vertex 42.5 154.619 148.087
      vertex 42.5 154.157 147.222
    endloop
  endfacet
  facet normal -1 0 0
    outer loop
      vertex 42.5 151.471 150.293
      vertex 42.5 154.904 150.975
      vertex 42.5 151.5 150
    endloop
  endfacet
  facet normal -1 0 0
    outer loop
      vertex 42.5 151.247 149.167
      vertex 42.5 154.157 147.222
      vertex 42.5 153.536 146.464
    endloop
  endfacet
  facet normal -1 -0 0
    outer loop
      vertex 42.5 154.904 150.975
      vertex 42.5 151.471 150.293
      vertex 42.5 154.619 151.913
    endloop
  endfacet
  facet normal -1 0 0
    outer loop
      vertex 42.5 151.061 148.939
      vertex 42.5 153.536 146.464
      vertex 42.5 152.778 145.843
    endloop
  endfacet
  facet normal -1 0 0
    outer loop
      vertex 42.5 151.386 150.574
      vertex 42.5 154.619 151.913
      vertex 42.5 151.471 150.293
    endloop
  endfacet
  facet normal -1 0 0
    outer loop
      vertex 42.5 150.833 148.753
      vertex 42.5 152.778 145.843
      vertex 42.5 151.913 145.381
    endloop
  endfacet
  facet normal -1 -0 0
    outer loop
      vertex 42.5 154.619 151.913
      vertex 42.5 151.386 150.574
      vertex 42.5 154.157 152.778
    endloop
  endfacet
  facet normal -1 0 0
    outer loop
      vertex 42.5 151.247 150.833
      vertex 42.5 154.157 152.778
      vertex 42.5 151.386 150.574
    endloop
  endfacet
  facet normal -1 0 0
    outer loop
      vertex 42.5 154.904 149.025
      vertex 42.5 151.471 149.707
      vertex 42.5 151.5 150
    endloop
  endfacet
  facet normal -1 0 0
    outer loop
      vertex 42.5 154.619 148.087
      vertex 42.5 151.386 149.426
      vertex 42.5 151.471 149.707
    endloop
  endfacet
  facet normal -1 0 0
    outer loop
      vertex 42.5 154.157 147.222
      vertex 42.5 151.247 149.167
      vertex 42.5 151.386 149.426
    endloop
  endfacet
  facet normal -1 0 0
    outer loop
      vertex 42.5 153.536 146.464
      vertex 42.5 151.061 148.939
      vertex 42.5 151.247 149.167
    endloop
  endfacet
  facet normal -1 0 0
    outer loop
      vertex 42.5 150.574 148.614
      vertex 42.5 151.913 145.381
      vertex 42.5 150.975 145.096
    endloop
  endfacet
  facet normal -1 0 0
    outer loop
      vertex 42.5 152.778 145.843
      vertex 42.5 150.833 148.753
      vertex 42.5 151.061 148.939
    endloop
  endfacet
  facet normal -1 0 0
    outer loop
      vertex 42.5 151.913 145.381
      vertex 42.5 150.574 148.614
      vertex 42.5 150.833 148.753
    endloop
  endfacet
  facet normal -1 0 0
    outer loop
      vertex 42.5 150.975 145.096
      vertex 42.5 150.293 148.529
      vertex 42.5 150.574 148.614
    endloop
  endfacet
  facet normal -1 0 0
    outer loop
      vertex 42.5 150 145
      vertex 42.5 150.293 148.529
      vertex 42.5 150.975 145.096
    endloop
  endfacet
  facet normal -1 0 0
    outer loop
      vertex 42.5 150.293 148.529
      vertex 42.5 150 145
      vertex 42.5 150 148.5
    endloop
  endfacet
  facet normal -1 -0 0
    outer loop
      vertex 42.5 154.157 152.778
      vertex 42.5 151.247 150.833
      vertex 42.5 153.536 153.536
    endloop
  endfacet
  facet normal -1 0 0
    outer loop
      vertex 42.5 151.061 151.061
      vertex 42.5 153.536 153.536
      vertex 42.5 151.247 150.833
    endloop
  endfacet
  facet normal -1 -0 0
    outer loop
      vertex 42.5 153.536 153.536
      vertex 42.5 151.061 151.061
      vertex 42.5 152.778 154.157
    endloop
  endfacet
  facet normal -1 0 0
    outer loop
      vertex 42.5 150.833 151.247
      vertex 42.5 152.778 154.157
      vertex 42.5 151.061 151.061
    endloop
  endfacet
  facet normal -1 -0 0
    outer loop
      vertex 42.5 152.778 154.157
      vertex 42.5 150.833 151.247
      vertex 42.5 151.913 154.619
    endloop
  endfacet
  facet normal -1 0 0
    outer loop
      vertex 42.5 150.574 151.386
      vertex 42.5 151.913 154.619
      vertex 42.5 150.833 151.247
    endloop
  endfacet
  facet normal -1 -0 0
    outer loop
      vertex 42.5 151.913 154.619
      vertex 42.5 150.574 151.386
      vertex 42.5 150.975 154.904
    endloop
  endfacet
  facet normal -1 0 0
    outer loop
      vertex 42.5 150.293 151.471
      vertex 42.5 150.975 154.904
      vertex 42.5 150.574 151.386
    endloop
  endfacet
  facet normal -1 0 0
    outer loop
      vertex 42.5 150 151.5
      vertex 42.5 150.975 154.904
      vertex 42.5 150.293 151.471
    endloop
  endfacet
  facet normal -1 0 0
    outer loop
      vertex 42.5 150 151.5
      vertex 42.5 150 155
      vertex 42.5 150.975 154.904
    endloop
  endfacet
  facet normal -1 0 0
    outer loop
      vertex 42.5 149.707 151.471
      vertex 42.5 150 155
      vertex 42.5 150 151.5
    endloop
  endfacet
  facet normal -1 0 0
    outer loop
      vertex 42.5 149.025 154.904
      vertex 42.5 149.707 151.471
      vertex 42.5 149.426 151.386
    endloop
  endfacet
  facet normal -1 0 0
    outer loop
      vertex 42.5 148.087 154.619
      vertex 42.5 149.426 151.386
      vertex 42.5 149.167 151.247
    endloop
  endfacet
  facet normal -1 0 0
    outer loop
      vertex 42.5 149.707 151.471
      vertex 42.5 149.025 154.904
      vertex 42.5 150 155
    endloop
  endfacet
  facet normal -1 0 0
    outer loop
      vertex 42.5 147.222 154.157
      vertex 42.5 149.167 151.247
      vertex 42.5 148.939 151.061
    endloop
  endfacet
  facet normal -1 0 0
    outer loop
      vertex 42.5 146.464 153.536
      vertex 42.5 148.939 151.061
      vertex 42.5 148.753 150.833
    endloop
  endfacet
  facet normal -1 0 0
    outer loop
      vertex 42.5 147 150
      vertex 42.5 148.753 150.833
      vertex 42.5 148.614 150.574
    endloop
  endfacet
  facet normal -1 0 0
    outer loop
      vertex 42.5 147 150
      vertex 42.5 148.614 150.574
      vertex 42.5 148.529 150.293
    endloop
  endfacet
  facet normal -1 0 0
    outer loop
      vertex 42.5 149.426 151.386
      vertex 42.5 148.087 154.619
      vertex 42.5 149.025 154.904
    endloop
  endfacet
  facet normal -1 0 0
    outer loop
      vertex 42.5 147 150
      vertex 42.5 148.529 150.293
      vertex 42.5 148.5 150
    endloop
  endfacet
  facet normal -1 0 0
    outer loop
      vertex 42.5 149.167 151.247
      vertex 42.5 147.222 154.157
      vertex 42.5 148.087 154.619
    endloop
  endfacet
  facet normal -1 -0 0
    outer loop
      vertex 42.5 148.753 150.833
      vertex 42.5 147 150
      vertex 42.5 145.843 152.778
    endloop
  endfacet
  facet normal -1 0 0
    outer loop
      vertex 42.5 145.843 147.222
      vertex 42.5 147 150
      vertex 42.5 146.464 146.464
    endloop
  endfacet
  facet normal -1 0 0
    outer loop
      vertex 42.5 148.939 151.061
      vertex 42.5 146.464 153.536
      vertex 42.5 147.222 154.157
    endloop
  endfacet
  facet normal -1 0 0
    outer loop
      vertex 42.5 145.381 148.087
      vertex 42.5 147 150
      vertex 42.5 145.843 147.222
    endloop
  endfacet
  facet normal -1 0 0
    outer loop
      vertex 42.5 148.753 150.833
      vertex 42.5 145.843 152.778
      vertex 42.5 146.464 153.536
    endloop
  endfacet
  facet normal -1 0 0
    outer loop
      vertex 42.5 145.096 149.025
      vertex 42.5 147 150
      vertex 42.5 145.381 148.087
    endloop
  endfacet
  facet normal -1 0 0
    outer loop
      vertex 42.5 147 150
      vertex 42.5 145.381 151.913
      vertex 42.5 145.843 152.778
    endloop
  endfacet
  facet normal -1 0 0
    outer loop
      vertex 42.5 145 150
      vertex 42.5 147 150
      vertex 42.5 145.096 149.025
    endloop
  endfacet
  facet normal -1 0 0
    outer loop
      vertex 42.5 147 150
      vertex 42.5 145.096 150.975
      vertex 42.5 145.381 151.913
    endloop
  endfacet
  facet normal -1 0 0
    outer loop
      vertex 42.5 147 150
      vertex 42.5 145 150
      vertex 42.5 145.096 150.975
    endloop
  endfacet
  facet normal 0 0.471402 -0.881919
    outer loop
      vertex 42.5 151.913 145.381
      vertex 57.5 152.778 145.843
      vertex 57.5 151.913 145.381
    endloop
  endfacet
  facet normal 0 0.471402 -0.881919
    outer loop
      vertex 57.5 152.778 145.843
      vertex 42.5 151.913 145.381
      vertex 42.5 152.778 145.843
    endloop
  endfacet
  facet normal 0 0.290284 -0.95694
    outer loop
      vertex 42.5 150.975 145.096
      vertex 57.5 151.913 145.381
      vertex 57.5 150.975 145.096
    endloop
  endfacet
  facet normal 0 0.290284 -0.95694
    outer loop
      vertex 57.5 151.913 145.381
      vertex 42.5 150.975 145.096
      vertex 42.5 151.913 145.381
    endloop
  endfacet
  facet normal 0 0.881919 -0.471402
    outer loop
      vertex 57.5 154.157 147.222
      vertex 42.5 154.619 148.087
      vertex 57.5 154.619 148.087
    endloop
  endfacet
  facet normal 0 0.881919 -0.471402
    outer loop
      vertex 42.5 154.619 148.087
      vertex 57.5 154.157 147.222
      vertex 42.5 154.157 147.222
    endloop
  endfacet
  facet normal 0 0.95694 -0.290284
    outer loop
      vertex 57.5 154.619 148.087
      vertex 42.5 154.904 149.025
      vertex 57.5 154.904 149.025
    endloop
  endfacet
  facet normal 0 0.95694 -0.290284
    outer loop
      vertex 42.5 154.904 149.025
      vertex 57.5 154.619 148.087
      vertex 42.5 154.619 148.087
    endloop
  endfacet
  facet normal 0 0.773015 -0.634387
    outer loop
      vertex 57.5 153.536 146.464
      vertex 42.5 154.157 147.222
      vertex 57.5 154.157 147.222
    endloop
  endfacet
  facet normal 0 0.773015 -0.634387
    outer loop
      vertex 42.5 154.157 147.222
      vertex 57.5 153.536 146.464
      vertex 42.5 153.536 146.464
    endloop
  endfacet
  facet normal -0 0.471402 0.881919
    outer loop
      vertex 42.5 152.778 154.157
      vertex 57.5 151.913 154.619
      vertex 57.5 152.778 154.157
    endloop
  endfacet
  facet normal 0 0.471402 0.881919
    outer loop
      vertex 57.5 151.913 154.619
      vertex 42.5 152.778 154.157
      vertex 42.5 151.913 154.619
    endloop
  endfacet
  facet normal -0 0.634387 0.773015
    outer loop
      vertex 42.5 153.536 153.536
      vertex 57.5 152.778 154.157
      vertex 57.5 153.536 153.536
    endloop
  endfacet
  facet normal 0 0.634387 0.773015
    outer loop
      vertex 57.5 152.778 154.157
      vertex 42.5 153.536 153.536
      vertex 42.5 152.778 154.157
    endloop
  endfacet
  facet normal -0 0.290284 0.95694
    outer loop
      vertex 42.5 151.913 154.619
      vertex 57.5 150.975 154.904
      vertex 57.5 151.913 154.619
    endloop
  endfacet
  facet normal 0 0.290284 0.95694
    outer loop
      vertex 57.5 150.975 154.904
      vertex 42.5 151.913 154.619
      vertex 42.5 150.975 154.904
    endloop
  endfacet
  facet normal 1 0 0
    outer loop
      vertex 57.5 151.5 150
      vertex 57.5 155 150
      vertex 57.5 154.904 150.975
    endloop
  endfacet
  facet normal 1 0 0
    outer loop
      vertex 57.5 151.471 150.293
      vertex 57.5 154.904 150.975
      vertex 57.5 154.619 151.913
    endloop
  endfacet
  facet normal 1 0 0
    outer loop
      vertex 57.5 155 150
      vertex 57.5 151.5 150
      vertex 57.5 154.904 149.025
    endloop
  endfacet
  facet normal 1 0 0
    outer loop
      vertex 57.5 151.386 150.574
      vertex 57.5 154.619 151.913
      vertex 57.5 154.157 152.778
    endloop
  endfacet
  facet normal 1 -0 0
    outer loop
      vertex 57.5 151.471 149.707
      vertex 57.5 154.904 149.025
      vertex 57.5 151.5 150
    endloop
  endfacet
  facet normal 1 0 0
    outer loop
      vertex 57.5 151.247 150.833
      vertex 57.5 154.157 152.778
      vertex 57.5 153.536 153.536
    endloop
  endfacet
  facet normal 1 0 0
    outer loop
      vertex 57.5 154.904 149.025
      vertex 57.5 151.471 149.707
      vertex 57.5 154.619 148.087
    endloop
  endfacet
  facet normal 1 0 0
    outer loop
      vertex 57.5 151.061 151.061
      vertex 57.5 153.536 153.536
      vertex 57.5 152.778 154.157
    endloop
  endfacet
  facet normal 1 -0 0
    outer loop
      vertex 57.5 151.386 149.426
      vertex 57.5 154.619 148.087
      vertex 57.5 151.471 149.707
    endloop
  endfacet
  facet normal 1 0 0
    outer loop
      vertex 57.5 150.833 151.247
      vertex 57.5 152.778 154.157
      vertex 57.5 151.913 154.619
    endloop
  endfacet
  facet normal 1 0 0
    outer loop
      vertex 57.5 154.619 148.087
      vertex 57.5 151.386 149.426
      vertex 57.5 154.157 147.222
    endloop
  endfacet
  facet normal 1 -0 0
    outer loop
      vertex 57.5 151.247 149.167
      vertex 57.5 154.157 147.222
      vertex 57.5 151.386 149.426
    endloop
  endfacet
  facet normal 1 0 0
    outer loop
      vertex 57.5 154.904 150.975
      vertex 57.5 151.471 150.293
      vertex 57.5 151.5 150
    endloop
  endfacet
  facet normal 1 0 0
    outer loop
      vertex 57.5 154.619 151.913
      vertex 57.5 151.386 150.574
      vertex 57.5 151.471 150.293
    endloop
  endfacet
  facet normal 1 0 0
    outer loop
      vertex 57.5 154.157 152.778
      vertex 57.5 151.247 150.833
      vertex 57.5 151.386 150.574
    endloop
  endfacet
  facet normal 1 0 0
    outer loop
      vertex 57.5 153.536 153.536
      vertex 57.5 151.061 151.061
      vertex 57.5 151.247 150.833
    endloop
  endfacet
  facet normal 1 0 0
    outer loop
      vertex 57.5 150.574 151.386
      vertex 57.5 151.913 154.619
      vertex 57.5 150.975 154.904
    endloop
  endfacet
  facet normal 1 0 0
    outer loop
      vertex 57.5 152.778 154.157
      vertex 57.5 150.833 151.247
      vertex 57.5 151.061 151.061
    endloop
  endfacet
  facet normal 1 0 0
    outer loop
      vertex 57.5 151.913 154.619
      vertex 57.5 150.574 151.386
      vertex 57.5 150.833 151.247
    endloop
  endfacet
  facet normal 1 0 0
    outer loop
      vertex 57.5 150.975 154.904
      vertex 57.5 150.293 151.471
      vertex 57.5 150.574 151.386
    endloop
  endfacet
  facet normal 1 0 0
    outer loop
      vertex 57.5 150 155
      vertex 57.5 150.293 151.471
      vertex 57.5 150.975 154.904
    endloop
  endfacet
  facet normal 1 0 0
    outer loop
      vertex 57.5 150 155
      vertex 57.5 150 151.5
      vertex 57.5 150.293 151.471
    endloop
  endfacet
  facet normal 1 0 0
    outer loop
      vertex 57.5 150 155
      vertex 57.5 149.707 151.471
      vertex 57.5 150 151.5
    endloop
  endfacet
  facet normal 1 -0 0
    outer loop
      vertex 57.5 149.025 154.904
      vertex 57.5 149.707 151.471
      vertex 57.5 150 155
    endloop
  endfacet
  facet normal 1 0 0
    outer loop
      vertex 57.5 149.707 151.471
      vertex 57.5 149.025 154.904
      vertex 57.5 149.426 151.386
    endloop
  endfacet
  facet normal 1 -0 0
    outer loop
      vertex 57.5 148.087 154.619
      vertex 57.5 149.426 151.386
      vertex 57.5 149.025 154.904
    endloop
  endfacet
  facet normal 1 0 0
    outer loop
      vertex 57.5 149.426 151.386
      vertex 57.5 148.087 154.619
      vertex 57.5 149.167 151.247
    endloop
  endfacet
  facet normal 1 -0 0
    outer loop
      vertex 57.5 147.222 154.157
      vertex 57.5 149.167 151.247
      vertex 57.5 148.087 154.619
    endloop
  endfacet
  facet normal 1 0 0
    outer loop
      vertex 57.5 149.167 151.247
      vertex 57.5 147.222 154.157
      vertex 57.5 148.939 151.061
    endloop
  endfacet
  facet normal 1 -0 0
    outer loop
      vertex 57.5 146.464 153.536
      vertex 57.5 148.939 151.061
      vertex 57.5 147.222 154.157
    endloop
  endfacet
  facet normal 1 0 0
    outer loop
      vertex 57.5 148.939 151.061
      vertex 57.5 146.464 153.536
      vertex 57.5 148.753 150.833
    endloop
  endfacet
  facet normal 1 -0 0
    outer loop
      vertex 57.5 145.843 152.778
      vertex 57.5 148.753 150.833
      vertex 57.5 146.464 153.536
    endloop
  endfacet
  facet normal 1 0 -0
    outer loop
      vertex 57.5 147 150
      vertex 57.5 148.753 150.833
      vertex 57.5 145.843 152.778
    endloop
  endfacet
  facet normal 1 0 0
    outer loop
      vertex 57.5 148.753 150.833
      vertex 57.5 147 150
      vertex 57.5 148.614 150.574
    endloop
  endfacet
  facet normal 1 0 0
    outer loop
      vertex 57.5 148.529 150.293
      vertex 57.5 147 150
      vertex 57.5 148.5 150
    endloop
  endfacet
  facet normal 1 0 0
    outer loop
      vertex 57.5 148.614 150.574
      vertex 57.5 147 150
      vertex 57.5 148.529 150.293
    endloop
  endfacet
  facet normal 1 -0 0
    outer loop
      vertex 57.5 145.381 151.913
      vertex 57.5 147 150
      vertex 57.5 145.843 152.778
    endloop
  endfacet
  facet normal 1 0 -0
    outer loop
      vertex 57.5 146.464 146.464
      vertex 57.5 147 150
      vertex 57.5 145.843 147.222
    endloop
  endfacet
  facet normal 1 0 0
    outer loop
      vertex 57.5 147 150
      vertex 57.5 146.464 146.464
      vertex 57.5 147 146.025
    endloop
  endfacet
  facet normal 1 -0 0
    outer loop
      vertex 57.5 145.096 150.975
      vertex 57.5 147 150
      vertex 57.5 145.381 151.913
    endloop
  endfacet
  facet normal 1 0 0
    outer loop
      vertex 57.5 147 150
      vertex 57.5 145.381 148.087
      vertex 57.5 145.843 147.222
    endloop
  endfacet
  facet normal 1 0 0
    outer loop
      vertex 57.5 145 150
      vertex 57.5 147 150
      vertex 57.5 145.096 150.975
    endloop
  endfacet
  facet normal 1 0 0
    outer loop
      vertex 57.5 147 150
      vertex 57.5 145.096 149.025
      vertex 57.5 145.381 148.087
    endloop
  endfacet
  facet normal 1 0 0
    outer loop
      vertex 57.5 147 150
      vertex 57.5 145 150
      vertex 57.5 145.096 149.025
    endloop
  endfacet
  facet normal 1 0 0
    outer loop
      vertex 57.5 154.157 147.222
      vertex 57.5 151.247 149.167
      vertex 57.5 153.536 146.464
    endloop
  endfacet
  facet normal 1 -0 0
    outer loop
      vertex 57.5 151.061 148.939
      vertex 57.5 153.536 146.464
      vertex 57.5 151.247 149.167
    endloop
  endfacet
  facet normal 1 0 0
    outer loop
      vertex 57.5 153.536 146.464
      vertex 57.5 151.061 148.939
      vertex 57.5 152.778 145.843
    endloop
  endfacet
  facet normal 1 -0 0
    outer loop
      vertex 57.5 150.833 148.753
      vertex 57.5 152.778 145.843
      vertex 57.5 151.061 148.939
    endloop
  endfacet
  facet normal 1 0 0
    outer loop
      vertex 57.5 152.778 145.843
      vertex 57.5 150.833 148.753
      vertex 57.5 151.913 145.381
    endloop
  endfacet
  facet normal 1 -0 0
    outer loop
      vertex 57.5 150.574 148.614
      vertex 57.5 151.913 145.381
      vertex 57.5 150.833 148.753
    endloop
  endfacet
  facet normal 1 0 0
    outer loop
      vertex 57.5 151.913 145.381
      vertex 57.5 150.574 148.614
      vertex 57.5 150.975 145.096
    endloop
  endfacet
  facet normal 1 -0 0
    outer loop
      vertex 57.5 150.293 148.529
      vertex 57.5 150.975 145.096
      vertex 57.5 150.574 148.614
    endloop
  endfacet
  facet normal 1 -0 0
    outer loop
      vertex 57.5 150 148.5
      vertex 57.5 150.975 145.096
      vertex 57.5 150.293 148.529
    endloop
  endfacet
  facet normal 1 0 0
    outer loop
      vertex 57.5 150.975 145.096
      vertex 57.5 150 148.5
      vertex 57.5 150 145
    endloop
  endfacet
  facet normal 0 0.881919 0.471402
    outer loop
      vertex 57.5 154.619 151.913
      vertex 42.5 154.157 152.778
      vertex 57.5 154.157 152.778
    endloop
  endfacet
  facet normal 0 0.881919 0.471402
    outer loop
      vertex 42.5 154.157 152.778
      vertex 57.5 154.619 151.913
      vertex 42.5 154.619 151.913
    endloop
  endfacet
  facet normal 0 0.995185 0.0980131
    outer loop
      vertex 57.5 155 150
      vertex 42.5 154.904 150.975
      vertex 57.5 154.904 150.975
    endloop
  endfacet
  facet normal 0 0.995185 0.0980131
    outer loop
      vertex 42.5 154.904 150.975
      vertex 57.5 155 150
      vertex 42.5 155 150
    endloop
  endfacet
  facet normal 0 -0.995185 -0.0980131
    outer loop
      vertex 42.5 145.096 149.025
      vertex 57.5 145 150
      vertex 42.5 145 150
    endloop
  endfacet
  facet normal 0 -0.995185 -0.0980131
    outer loop
      vertex 57.5 145 150
      vertex 42.5 145.096 149.025
      vertex 57.5 145.096 149.025
    endloop
  endfacet
  facet normal 0 -0.881919 -0.471402
    outer loop
      vertex 42.5 145.843 147.222
      vertex 57.5 145.381 148.087
      vertex 42.5 145.381 148.087
    endloop
  endfacet
  facet normal 0 -0.881919 -0.471402
    outer loop
      vertex 57.5 145.381 148.087
      vertex 42.5 145.843 147.222
      vertex 57.5 145.843 147.222
    endloop
  endfacet
  facet normal 0 -0.773015 0.634387
    outer loop
      vertex 42.5 145.843 152.778
      vertex 57.5 146.464 153.536
      vertex 42.5 146.464 153.536
    endloop
  endfacet
  facet normal 0 -0.773015 0.634387
    outer loop
      vertex 57.5 146.464 153.536
      vertex 42.5 145.843 152.778
      vertex 57.5 145.843 152.778
    endloop
  endfacet
  facet normal 0 -0.95694 0.290284
    outer loop
      vertex 42.5 145.096 150.975
      vertex 57.5 145.381 151.913
      vertex 42.5 145.381 151.913
    endloop
  endfacet
  facet normal 0 -0.95694 0.290284
    outer loop
      vertex 57.5 145.381 151.913
      vertex 42.5 145.096 150.975
      vertex 57.5 145.096 150.975
    endloop
  endfacet
  facet normal 0 -0.471402 0.881919
    outer loop
      vertex 42.5 148.087 154.619
      vertex 57.5 147.222 154.157
      vertex 57.5 148.087 154.619
    endloop
  endfacet
  facet normal 0 -0.471402 0.881919
    outer loop
      vertex 57.5 147.222 154.157
      vertex 42.5 148.087 154.619
      vertex 42.5 147.222 154.157
    endloop
  endfacet
  facet normal 0 -0.0980131 0.995185
    outer loop
      vertex 42.5 150 155
      vertex 57.5 149.025 154.904
      vertex 57.5 150 155
    endloop
  endfacet
  facet normal 0 -0.0980131 0.995185
    outer loop
      vertex 57.5 149.025 154.904
      vertex 42.5 150 155
      vertex 42.5 149.025 154.904
    endloop
  endfacet
  facet normal 0 -0.95694 -0.290284
    outer loop
      vertex 42.5 145.381 148.087
      vertex 57.5 145.096 149.025
      vertex 42.5 145.096 149.025
    endloop
  endfacet
  facet normal 0 -0.95694 -0.290284
    outer loop
      vertex 57.5 145.096 149.025
      vertex 42.5 145.381 148.087
      vertex 57.5 145.381 148.087
    endloop
  endfacet
  facet normal 0 -0.881919 0.471402
    outer loop
      vertex 42.5 145.381 151.913
      vertex 57.5 145.843 152.778
      vertex 42.5 145.843 152.778
    endloop
  endfacet
  facet normal 0 -0.881919 0.471402
    outer loop
      vertex 57.5 145.843 152.778
      vertex 42.5 145.381 151.913
      vertex 57.5 145.381 151.913
    endloop
  endfacet
  facet normal 0 -0.995185 0.0980131
    outer loop
      vertex 42.5 145 150
      vertex 57.5 145.096 150.975
      vertex 42.5 145.096 150.975
    endloop
  endfacet
  facet normal 0 -0.995185 0.0980131
    outer loop
      vertex 57.5 145.096 150.975
      vertex 42.5 145 150
      vertex 57.5 145 150
    endloop
  endfacet
  facet normal 0 -0.634387 0.773015
    outer loop
      vertex 42.5 147.222 154.157
      vertex 57.5 146.464 153.536
      vertex 57.5 147.222 154.157
    endloop
  endfacet
  facet normal 0 -0.634387 0.773015
    outer loop
      vertex 57.5 146.464 153.536
      vertex 42.5 147.222 154.157
      vertex 42.5 146.464 153.536
    endloop
  endfacet
  facet normal 0 -0.290284 0.95694
    outer loop
      vertex 42.5 149.025 154.904
      vertex 57.5 148.087 154.619
      vertex 57.5 149.025 154.904
    endloop
  endfacet
  facet normal 0 -0.290284 0.95694
    outer loop
      vertex 57.5 148.087 154.619
      vertex 42.5 149.025 154.904
      vertex 42.5 148.087 154.619
    endloop
  endfacet
  facet normal 0 -0.881933 0.471374
    outer loop
      vertex 42.5 151.247 149.167
      vertex 57.5 151.386 149.426
      vertex 42.5 151.386 149.426
    endloop
  endfacet
  facet normal 0 -0.881933 0.471374
    outer loop
      vertex 57.5 151.386 149.426
      vertex 42.5 151.247 149.167
      vertex 57.5 151.247 149.167
    endloop
  endfacet
  facet normal 0 0.956941 -0.290284
    outer loop
      vertex 57.5 148.529 150.293
      vertex 42.5 148.614 150.574
      vertex 57.5 148.614 150.574
    endloop
  endfacet
  facet normal 0 0.956941 -0.290284
    outer loop
      vertex 42.5 148.614 150.574
      vertex 57.5 148.529 150.293
      vertex 42.5 148.529 150.293
    endloop
  endfacet
  facet normal 0 -0.956941 -0.290284
    outer loop
      vertex 42.5 151.471 150.293
      vertex 57.5 151.386 150.574
      vertex 42.5 151.386 150.574
    endloop
  endfacet
  facet normal 0 -0.956941 -0.290284
    outer loop
      vertex 57.5 151.386 150.574
      vertex 42.5 151.471 150.293
      vertex 57.5 151.471 150.293
    endloop
  endfacet
  facet normal 0 -0.471374 -0.881933
    outer loop
      vertex 42.5 150.574 151.386
      vertex 57.5 150.833 151.247
      vertex 57.5 150.574 151.386
    endloop
  endfacet
  facet normal -0 -0.471374 -0.881933
    outer loop
      vertex 57.5 150.833 151.247
      vertex 42.5 150.574 151.386
      vertex 42.5 150.833 151.247
    endloop
  endfacet
  facet normal 0 -0.290284 0.956941
    outer loop
      vertex 42.5 150.574 148.614
      vertex 57.5 150.293 148.529
      vertex 57.5 150.574 148.614
    endloop
  endfacet
  facet normal 0 -0.290284 0.956941
    outer loop
      vertex 57.5 150.293 148.529
      vertex 42.5 150.574 148.614
      vertex 42.5 150.293 148.529
    endloop
  endfacet
  facet normal 0 -0.471374 0.881933
    outer loop
      vertex 42.5 150.833 148.753
      vertex 57.5 150.574 148.614
      vertex 57.5 150.833 148.753
    endloop
  endfacet
  facet normal 0 -0.471374 0.881933
    outer loop
      vertex 57.5 150.574 148.614
      vertex 42.5 150.833 148.753
      vertex 42.5 150.574 148.614
    endloop
  endfacet
  facet normal 0 -0.63443 0.772981
    outer loop
      vertex 42.5 151.061 148.939
      vertex 57.5 150.833 148.753
      vertex 57.5 151.061 148.939
    endloop
  endfacet
  facet normal 0 -0.63443 0.772981
    outer loop
      vertex 57.5 150.833 148.753
      vertex 42.5 151.061 148.939
      vertex 42.5 150.833 148.753
    endloop
  endfacet
  facet normal 0 -0.772981 0.63443
    outer loop
      vertex 42.5 151.061 148.939
      vertex 57.5 151.247 149.167
      vertex 42.5 151.247 149.167
    endloop
  endfacet
  facet normal 0 -0.772981 0.63443
    outer loop
      vertex 57.5 151.247 149.167
      vertex 42.5 151.061 148.939
      vertex 57.5 151.061 148.939
    endloop
  endfacet
  facet normal 0 -0.995184 0.0980239
    outer loop
      vertex 42.5 151.471 149.707
      vertex 57.5 151.5 150
      vertex 42.5 151.5 150
    endloop
  endfacet
  facet normal 0 -0.995184 0.0980239
    outer loop
      vertex 57.5 151.5 150
      vertex 42.5 151.471 149.707
      vertex 57.5 151.471 149.707
    endloop
  endfacet
  facet normal 0 -0.0980239 -0.995184
    outer loop
      vertex 42.5 150 151.5
      vertex 57.5 150.293 151.471
      vertex 57.5 150 151.5
    endloop
  endfacet
  facet normal -0 -0.0980239 -0.995184
    outer loop
      vertex 57.5 150.293 151.471
      vertex 42.5 150 151.5
      vertex 42.5 150.293 151.471
    endloop
  endfacet
  facet normal 0 -0.63443 -0.772981
    outer loop
      vertex 42.5 150.833 151.247
      vertex 57.5 151.061 151.061
      vertex 57.5 150.833 151.247
    endloop
  endfacet
  facet normal -0 -0.63443 -0.772981
    outer loop
      vertex 57.5 151.061 151.061
      vertex 42.5 150.833 151.247
      vertex 42.5 151.061 151.061
    endloop
  endfacet
  facet normal 0 -0.881933 -0.471374
    outer loop
      vertex 42.5 151.386 150.574
      vertex 57.5 151.247 150.833
      vertex 42.5 151.247 150.833
    endloop
  endfacet
  facet normal 0 -0.881933 -0.471374
    outer loop
      vertex 57.5 151.247 150.833
      vertex 42.5 151.386 150.574
      vertex 57.5 151.386 150.574
    endloop
  endfacet
  facet normal 0 -0.995184 -0.0980239
    outer loop
      vertex 42.5 151.5 150
      vertex 57.5 151.471 150.293
      vertex 42.5 151.471 150.293
    endloop
  endfacet
  facet normal 0 -0.995184 -0.0980239
    outer loop
      vertex 57.5 151.471 150.293
      vertex 42.5 151.5 150
      vertex 57.5 151.5 150
    endloop
  endfacet
  facet normal 0 -0.772981 -0.63443
    outer loop
      vertex 42.5 151.247 150.833
      vertex 57.5 151.061 151.061
      vertex 42.5 151.061 151.061
    endloop
  endfacet
  facet normal 0 -0.772981 -0.63443
    outer loop
      vertex 57.5 151.061 151.061
      vertex 42.5 151.247 150.833
      vertex 57.5 151.247 150.833
    endloop
  endfacet
  facet normal 0 -0.0980239 0.995184
    outer loop
      vertex 42.5 150.293 148.529
      vertex 57.5 150 148.5
      vertex 57.5 150.293 148.529
    endloop
  endfacet
  facet normal 0 -0.0980239 0.995184
    outer loop
      vertex 57.5 150 148.5
      vertex 42.5 150.293 148.529
      vertex 42.5 150 148.5
    endloop
  endfacet
  facet normal 0 0.995184 -0.0980239
    outer loop
      vertex 57.5 148.5 150
      vertex 42.5 148.529 150.293
      vertex 57.5 148.529 150.293
    endloop
  endfacet
  facet normal 0 0.995184 -0.0980239
    outer loop
      vertex 42.5 148.529 150.293
      vertex 57.5 148.5 150
      vertex 42.5 148.5 150
    endloop
  endfacet
  facet normal 0 0.772981 -0.63443
    outer loop
      vertex 57.5 148.753 150.833
      vertex 42.5 148.939 151.061
      vertex 57.5 148.939 151.061
    endloop
  endfacet
  facet normal 0 0.772981 -0.63443
    outer loop
      vertex 42.5 148.939 151.061
      vertex 57.5 148.753 150.833
      vertex 42.5 148.753 150.833
    endloop
  endfacet
  facet normal 0 0.471374 -0.881933
    outer loop
      vertex 42.5 149.167 151.247
      vertex 57.5 149.426 151.386
      vertex 57.5 149.167 151.247
    endloop
  endfacet
  facet normal 0 0.471374 -0.881933
    outer loop
      vertex 57.5 149.426 151.386
      vertex 42.5 149.167 151.247
      vertex 42.5 149.426 151.386
    endloop
  endfacet
  facet normal 0 0.0980239 -0.995184
    outer loop
      vertex 42.5 149.707 151.471
      vertex 57.5 150 151.5
      vertex 57.5 149.707 151.471
    endloop
  endfacet
  facet normal 0 0.0980239 -0.995184
    outer loop
      vertex 57.5 150 151.5
      vertex 42.5 149.707 151.471
      vertex 42.5 150 151.5
    endloop
  endfacet
  facet normal 0 0.63443 -0.772981
    outer loop
      vertex 42.5 148.939 151.061
      vertex 57.5 149.167 151.247
      vertex 57.5 148.939 151.061
    endloop
  endfacet
  facet normal 0 0.63443 -0.772981
    outer loop
      vertex 57.5 149.167 151.247
      vertex 42.5 148.939 151.061
      vertex 42.5 149.167 151.247
    endloop
  endfacet
  facet normal 0 -0.956941 0.290284
    outer loop
      vertex 42.5 151.386 149.426
      vertex 57.5 151.471 149.707
      vertex 42.5 151.471 149.707
    endloop
  endfacet
  facet normal 0 -0.956941 0.290284
    outer loop
      vertex 57.5 151.471 149.707
      vertex 42.5 151.386 149.426
      vertex 57.5 151.386 149.426
    endloop
  endfacet
  facet normal 0 -0.290284 -0.956941
    outer loop
      vertex 42.5 150.293 151.471
      vertex 57.5 150.574 151.386
      vertex 57.5 150.293 151.471
    endloop
  endfacet
  facet normal -0 -0.290284 -0.956941
    outer loop
      vertex 57.5 150.574 151.386
      vertex 42.5 150.293 151.471
      vertex 42.5 150.574 151.386
    endloop
  endfacet
  facet normal 0 0.881933 -0.471374
    outer loop
      vertex 57.5 148.614 150.574
      vertex 42.5 148.753 150.833
      vertex 57.5 148.753 150.833
    endloop
  endfacet
  facet normal 0 0.881933 -0.471374
    outer loop
      vertex 42.5 148.753 150.833
      vertex 57.5 148.614 150.574
      vertex 42.5 148.614 150.574
    endloop
  endfacet
  facet normal 0 0.290284 -0.956941
    outer loop
      vertex 42.5 149.426 151.386
      vertex 57.5 149.707 151.471
      vertex 57.5 149.426 151.386
    endloop
  endfacet
  facet normal 0 0.290284 -0.956941
    outer loop
      vertex 57.5 149.707 151.471
      vertex 42.5 149.426 151.386
      vertex 42.5 149.707 151.471
    endloop
  endfacet
  facet normal 0 0.0980131 -0.995185
    outer loop
      vertex 142.5 150 145
      vertex 157.5 150.975 145.096
      vertex 157.5 150 145
    endloop
  endfacet
  facet normal 0 0.0980131 -0.995185
    outer loop
      vertex 157.5 150.975 145.096
      vertex 142.5 150 145
      vertex 142.5 150.975 145.096
    endloop
  endfacet
  facet normal -0 0.0980131 0.995185
    outer loop
      vertex 142.5 150.975 154.904
      vertex 157.5 150 155
      vertex 157.5 150.975 154.904
    endloop
  endfacet
  facet normal 0 0.0980131 0.995185
    outer loop
      vertex 157.5 150 155
      vertex 142.5 150.975 154.904
      vertex 142.5 150 155
    endloop
  endfacet
  facet normal 0 0.995185 -0.0980131
    outer loop
      vertex 157.5 154.904 149.025
      vertex 142.5 155 150
      vertex 157.5 155 150
    endloop
  endfacet
  facet normal 0 0.995185 -0.0980131
    outer loop
      vertex 142.5 155 150
      vertex 157.5 154.904 149.025
      vertex 142.5 154.904 149.025
    endloop
  endfacet
  facet normal 0 0.634387 -0.773015
    outer loop
      vertex 142.5 152.778 145.843
      vertex 157.5 153.536 146.464
      vertex 157.5 152.778 145.843
    endloop
  endfacet
  facet normal 0 0.634387 -0.773015
    outer loop
      vertex 157.5 153.536 146.464
      vertex 142.5 152.778 145.843
      vertex 142.5 153.536 146.464
    endloop
  endfacet
  facet normal 0 0.773015 0.634387
    outer loop
      vertex 157.5 154.157 152.778
      vertex 142.5 153.536 153.536
      vertex 157.5 153.536 153.536
    endloop
  endfacet
  facet normal 0 0.773015 0.634387
    outer loop
      vertex 142.5 153.536 153.536
      vertex 157.5 154.157 152.778
      vertex 142.5 154.157 152.778
    endloop
  endfacet
  facet normal 0 0.95694 0.290284
    outer loop
      vertex 157.5 154.904 150.975
      vertex 142.5 154.619 151.913
      vertex 157.5 154.619 151.913
    endloop
  endfacet
  facet normal 0 0.95694 0.290284
    outer loop
      vertex 142.5 154.619 151.913
      vertex 157.5 154.904 150.975
      vertex 142.5 154.904 150.975
    endloop
  endfacet
  facet normal 0 -0.773015 -0.634387
    outer loop
      vertex 142.5 146.464 146.464
      vertex 157.5 145.843 147.222
      vertex 142.5 145.843 147.222
    endloop
  endfacet
  facet normal 0 -0.773015 -0.634387
    outer loop
      vertex 157.5 145.843 147.222
      vertex 142.5 146.464 146.464
      vertex 157.5 146.464 146.464
    endloop
  endfacet
  facet normal 0 -0.634388 -0.773014
    outer loop
      vertex 142.5 146.464 146.464
      vertex 157.5 147 146.025
      vertex 157.5 146.464 146.464
    endloop
  endfacet
  facet normal -0 -0.634388 -0.773014
    outer loop
      vertex 157.5 147 146.025
      vertex 142.5 146.464 146.464
      vertex 142.5 147 146.025
    endloop
  endfacet
  facet normal -1 0 0
    outer loop
      vertex 142.5 147 146.025
      vertex 142.5 146.464 146.464
      vertex 142.5 147 150
    endloop
  endfacet
  facet normal -1 0 0
    outer loop
      vertex 142.5 151.5 150
      vertex 142.5 155 150
      vertex 142.5 154.904 149.025
    endloop
  endfacet
  facet normal -1 0 0
    outer loop
      vertex 142.5 151.471 149.707
      vertex 142.5 154.904 149.025
      vertex 142.5 154.619 148.087
    endloop
  endfacet
  facet normal -1 0 0
    outer loop
      vertex 142.5 155 150
      vertex 142.5 151.5 150
      vertex 142.5 154.904 150.975
    endloop
  endfacet
  facet normal -1 0 0
    outer loop
      vertex 142.5 151.386 149.426
      vertex 142.5 154.619 148.087
      vertex 142.5 154.157 147.222
    endloop
  endfacet
  facet normal -1 0 0
    outer loop
      vertex 142.5 151.471 150.293
      vertex 142.5 154.904 150.975
      vertex 142.5 151.5 150
    endloop
  endfacet
  facet normal -1 0 0
    outer loop
      vertex 142.5 151.247 149.167
      vertex 142.5 154.157 147.222
      vertex 142.5 153.536 146.464
    endloop
  endfacet
  facet normal -1 -0 0
    outer loop
      vertex 142.5 154.904 150.975
      vertex 142.5 151.471 150.293
      vertex 142.5 154.619 151.913
    endloop
  endfacet
  facet normal -1 0 0
    outer loop
      vertex 142.5 151.061 148.939
      vertex 142.5 153.536 146.464
      vertex 142.5 152.778 145.843
    endloop
  endfacet
  facet normal -1 0 0
    outer loop
      vertex 142.5 151.386 150.574
      vertex 142.5 154.619 151.913
      vertex 142.5 151.471 150.293
    endloop
  endfacet
  facet normal -1 0 0
    outer loop
      vertex 142.5 150.833 148.753
      vertex 142.5 152.778 145.843
      vertex 142.5 151.913 145.381
    endloop
  endfacet
  facet normal -1 -0 0
    outer loop
      vertex 142.5 154.619 151.913
      vertex 142.5 151.386 150.574
      vertex 142.5 154.157 152.778
    endloop
  endfacet
  facet normal -1 0 0
    outer loop
      vertex 142.5 151.247 150.833
      vertex 142.5 154.157 152.778
      vertex 142.5 151.386 150.574
    endloop
  endfacet
  facet normal -1 0 0
    outer loop
      vertex 142.5 154.904 149.025
      vertex 142.5 151.471 149.707
      vertex 142.5 151.5 150
    endloop
  endfacet
  facet normal -1 0 0
    outer loop
      vertex 142.5 154.619 148.087
      vertex 142.5 151.386 149.426
      vertex 142.5 151.471 149.707
    endloop
  endfacet
  facet normal -1 0 0
    outer loop
      vertex 142.5 154.157 147.222
      vertex 142.5 151.247 149.167
      vertex 142.5 151.386 149.426
    endloop
  endfacet
  facet normal -1 0 0
    outer loop
      vertex 142.5 153.536 146.464
      vertex 142.5 151.061 148.939
      vertex 142.5 151.247 149.167
    endloop
  endfacet
  facet normal -1 0 0
    outer loop
      vertex 142.5 150.574 148.614
      vertex 142.5 151.913 145.381
      vertex 142.5 150.975 145.096
    endloop
  endfacet
  facet normal -1 0 0
    outer loop
      vertex 142.5 152.778 145.843
      vertex 142.5 150.833 148.753
      vertex 142.5 151.061 148.939
    endloop
  endfacet
  facet normal -1 0 0
    outer loop
      vertex 142.5 151.913 145.381
      vertex 142.5 150.574 148.614
      vertex 142.5 150.833 148.753
    endloop
  endfacet
  facet normal -1 0 0
    outer loop
      vertex 142.5 150.975 145.096
      vertex 142.5 150.293 148.529
      vertex 142.5 150.574 148.614
    endloop
  endfacet
  facet normal -1 0 0
    outer loop
      vertex 142.5 150 145
      vertex 142.5 150.293 148.529
      vertex 142.5 150.975 145.096
    endloop
  endfacet
  facet normal -1 0 0
    outer loop
      vertex 142.5 150.293 148.529
      vertex 142.5 150 145
      vertex 142.5 150 148.5
    endloop
  endfacet
  facet normal -1 -0 0
    outer loop
      vertex 142.5 154.157 152.778
      vertex 142.5 151.247 150.833
      vertex 142.5 153.536 153.536
    endloop
  endfacet
  facet normal -1 0 0
    outer loop
      vertex 142.5 151.061 151.061
      vertex 142.5 153.536 153.536
      vertex 142.5 151.247 150.833
    endloop
  endfacet
  facet normal -1 -0 0
    outer loop
      vertex 142.5 153.536 153.536
      vertex 142.5 151.061 151.061
      vertex 142.5 152.778 154.157
    endloop
  endfacet
  facet normal -1 0 0
    outer loop
      vertex 142.5 150.833 151.247
      vertex 142.5 152.778 154.157
      vertex 142.5 151.061 151.061
    endloop
  endfacet
  facet normal -1 -0 0
    outer loop
      vertex 142.5 152.778 154.157
      vertex 142.5 150.833 151.247
      vertex 142.5 151.913 154.619
    endloop
  endfacet
  facet normal -1 0 0
    outer loop
      vertex 142.5 150.574 151.386
      vertex 142.5 151.913 154.619
      vertex 142.5 150.833 151.247
    endloop
  endfacet
  facet normal -1 -0 0
    outer loop
      vertex 142.5 151.913 154.619
      vertex 142.5 150.574 151.386
      vertex 142.5 150.975 154.904
    endloop
  endfacet
  facet normal -1 0 0
    outer loop
      vertex 142.5 150.293 151.471
      vertex 142.5 150.975 154.904
      vertex 142.5 150.574 151.386
    endloop
  endfacet
  facet normal -1 0 0
    outer loop
      vertex 142.5 150 151.5
      vertex 142.5 150.975 154.904
      vertex 142.5 150.293 151.471
    endloop
  endfacet
  facet normal -1 0 0
    outer loop
      vertex 142.5 150 151.5
      vertex 142.5 150 155
      vertex 142.5 150.975 154.904
    endloop
  endfacet
  facet normal -1 0 0
    outer loop
      vertex 142.5 149.707 151.471
      vertex 142.5 150 155
      vertex 142.5 150 151.5
    endloop
  endfacet
  facet normal -1 0 0
    outer loop
      vertex 142.5 149.025 154.904
      vertex 142.5 149.707 151.471
      vertex 142.5 149.426 151.386
    endloop
  endfacet
  facet normal -1 0 0
    outer loop
      vertex 142.5 148.087 154.619
      vertex 142.5 149.426 151.386
      vertex 142.5 149.167 151.247
    endloop
  endfacet
  facet normal -1 0 0
    outer loop
      vertex 142.5 149.707 151.471
      vertex 142.5 149.025 154.904
      vertex 142.5 150 155
    endloop
  endfacet
  facet normal -1 0 0
    outer loop
      vertex 142.5 147.222 154.157
      vertex 142.5 149.167 151.247
      vertex 142.5 148.939 151.061
    endloop
  endfacet
  facet normal -1 0 0
    outer loop
      vertex 142.5 146.464 153.536
      vertex 142.5 148.939 151.061
      vertex 142.5 148.753 150.833
    endloop
  endfacet
  facet normal -1 0 0
    outer loop
      vertex 142.5 147 150
      vertex 142.5 148.753 150.833
      vertex 142.5 148.614 150.574
    endloop
  endfacet
  facet normal -1 0 0
    outer loop
      vertex 142.5 147 150
      vertex 142.5 148.614 150.574
      vertex 142.5 148.529 150.293
    endloop
  endfacet
  facet normal -1 0 0
    outer loop
      vertex 142.5 149.426 151.386
      vertex 142.5 148.087 154.619
      vertex 142.5 149.025 154.904
    endloop
  endfacet
  facet normal -1 0 0
    outer loop
      vertex 142.5 147 150
      vertex 142.5 148.529 150.293
      vertex 142.5 148.5 150
    endloop
  endfacet
  facet normal -1 0 0
    outer loop
      vertex 142.5 149.167 151.247
      vertex 142.5 147.222 154.157
      vertex 142.5 148.087 154.619
    endloop
  endfacet
  facet normal -1 -0 0
    outer loop
      vertex 142.5 148.753 150.833
      vertex 142.5 147 150
      vertex 142.5 145.843 152.778
    endloop
  endfacet
  facet normal -1 0 0
    outer loop
      vertex 142.5 145.843 147.222
      vertex 142.5 147 150
      vertex 142.5 146.464 146.464
    endloop
  endfacet
  facet normal -1 0 0
    outer loop
      vertex 142.5 148.939 151.061
      vertex 142.5 146.464 153.536
      vertex 142.5 147.222 154.157
    endloop
  endfacet
  facet normal -1 0 0
    outer loop
      vertex 142.5 145.381 148.087
      vertex 142.5 147 150
      vertex 142.5 145.843 147.222
    endloop
  endfacet
  facet normal -1 0 0
    outer loop
      vertex 142.5 148.753 150.833
      vertex 142.5 145.843 152.778
      vertex 142.5 146.464 153.536
    endloop
  endfacet
  facet normal -1 0 0
    outer loop
      vertex 142.5 145.096 149.025
      vertex 142.5 147 150
      vertex 142.5 145.381 148.087
    endloop
  endfacet
  facet normal -1 0 0
    outer loop
      vertex 142.5 147 150
      vertex 142.5 145.381 151.913
      vertex 142.5 145.843 152.778
    endloop
  endfacet
  facet normal -1 0 0
    outer loop
      vertex 142.5 145 150
      vertex 142.5 147 150
      vertex 142.5 145.096 149.025
    endloop
  endfacet
  facet normal -1 0 0
    outer loop
      vertex 142.5 147 150
      vertex 142.5 145.096 150.975
      vertex 142.5 145.381 151.913
    endloop
  endfacet
  facet normal -1 0 0
    outer loop
      vertex 142.5 147 150
      vertex 142.5 145 150
      vertex 142.5 145.096 150.975
    endloop
  endfacet
  facet normal 0 0.471402 -0.881919
    outer loop
      vertex 142.5 151.913 145.381
      vertex 157.5 152.778 145.843
      vertex 157.5 151.913 145.381
    endloop
  endfacet
  facet normal 0 0.471402 -0.881919
    outer loop
      vertex 157.5 152.778 145.843
      vertex 142.5 151.913 145.381
      vertex 142.5 152.778 145.843
    endloop
  endfacet
  facet normal 0 0.290284 -0.95694
    outer loop
      vertex 142.5 150.975 145.096
      vertex 157.5 151.913 145.381
      vertex 157.5 150.975 145.096
    endloop
  endfacet
  facet normal 0 0.290284 -0.95694
    outer loop
      vertex 157.5 151.913 145.381
      vertex 142.5 150.975 145.096
      vertex 142.5 151.913 145.381
    endloop
  endfacet
  facet normal 0 0.881919 -0.471402
    outer loop
      vertex 157.5 154.157 147.222
      vertex 142.5 154.619 148.087
      vertex 157.5 154.619 148.087
    endloop
  endfacet
  facet normal 0 0.881919 -0.471402
    outer loop
      vertex 142.5 154.619 148.087
      vertex 157.5 154.157 147.222
      vertex 142.5 154.157 147.222
    endloop
  endfacet
  facet normal 0 0.95694 -0.290284
    outer loop
      vertex 157.5 154.619 148.087
      vertex 142.5 154.904 149.025
      vertex 157.5 154.904 149.025
    endloop
  endfacet
  facet normal 0 0.95694 -0.290284
    outer loop
      vertex 142.5 154.904 149.025
      vertex 157.5 154.619 148.087
      vertex 142.5 154.619 148.087
    endloop
  endfacet
  facet normal 0 0.773015 -0.634387
    outer loop
      vertex 157.5 153.536 146.464
      vertex 142.5 154.157 147.222
      vertex 157.5 154.157 147.222
    endloop
  endfacet
  facet normal 0 0.773015 -0.634387
    outer loop
      vertex 142.5 154.157 147.222
      vertex 157.5 153.536 146.464
      vertex 142.5 153.536 146.464
    endloop
  endfacet
  facet normal -0 0.471402 0.881919
    outer loop
      vertex 142.5 152.778 154.157
      vertex 157.5 151.913 154.619
      vertex 157.5 152.778 154.157
    endloop
  endfacet
  facet normal 0 0.471402 0.881919
    outer loop
      vertex 157.5 151.913 154.619
      vertex 142.5 152.778 154.157
      vertex 142.5 151.913 154.619
    endloop
  endfacet
  facet normal -0 0.634387 0.773015
    outer loop
      vertex 142.5 153.536 153.536
      vertex 157.5 152.778 154.157
      vertex 157.5 153.536 153.536
    endloop
  endfacet
  facet normal 0 0.634387 0.773015
    outer loop
      vertex 157.5 152.778 154.157
      vertex 142.5 153.536 153.536
      vertex 142.5 152.778 154.157
    endloop
  endfacet
  facet normal -0 0.290284 0.95694
    outer loop
      vertex 142.5 151.913 154.619
      vertex 157.5 150.975 154.904
      vertex 157.5 151.913 154.619
    endloop
  endfacet
  facet normal 0 0.290284 0.95694
    outer loop
      vertex 157.5 150.975 154.904
      vertex 142.5 151.913 154.619
      vertex 142.5 150.975 154.904
    endloop
  endfacet
  facet normal 1 0 0
    outer loop
      vertex 157.5 151.5 150
      vertex 157.5 155 150
      vertex 157.5 154.904 150.975
    endloop
  endfacet
  facet normal 1 0 0
    outer loop
      vertex 157.5 151.471 150.293
      vertex 157.5 154.904 150.975
      vertex 157.5 154.619 151.913
    endloop
  endfacet
  facet normal 1 0 0
    outer loop
      vertex 157.5 155 150
      vertex 157.5 151.5 150
      vertex 157.5 154.904 149.025
    endloop
  endfacet
  facet normal 1 0 0
    outer loop
      vertex 157.5 151.386 150.574
      vertex 157.5 154.619 151.913
      vertex 157.5 154.157 152.778
    endloop
  endfacet
  facet normal 1 -0 0
    outer loop
      vertex 157.5 151.471 149.707
      vertex 157.5 154.904 149.025
      vertex 157.5 151.5 150
    endloop
  endfacet
  facet normal 1 0 0
    outer loop
      vertex 157.5 151.247 150.833
      vertex 157.5 154.157 152.778
      vertex 157.5 153.536 153.536
    endloop
  endfacet
  facet normal 1 0 0
    outer loop
      vertex 157.5 154.904 149.025
      vertex 157.5 151.471 149.707
      vertex 157.5 154.619 148.087
    endloop
  endfacet
  facet normal 1 0 0
    outer loop
      vertex 157.5 151.061 151.061
      vertex 157.5 153.536 153.536
      vertex 157.5 152.778 154.157
    endloop
  endfacet
  facet normal 1 -0 0
    outer loop
      vertex 157.5 151.386 149.426
      vertex 157.5 154.619 148.087
      vertex 157.5 151.471 149.707
    endloop
  endfacet
  facet normal 1 0 0
    outer loop
      vertex 157.5 150.833 151.247
      vertex 157.5 152.778 154.157
      vertex 157.5 151.913 154.619
    endloop
  endfacet
  facet normal 1 0 0
    outer loop
      vertex 157.5 154.619 148.087
      vertex 157.5 151.386 149.426
      vertex 157.5 154.157 147.222
    endloop
  endfacet
  facet normal 1 -0 0
    outer loop
      vertex 157.5 151.247 149.167
      vertex 157.5 154.157 147.222
      vertex 157.5 151.386 149.426
    endloop
  endfacet
  facet normal 1 0 0
    outer loop
      vertex 157.5 154.904 150.975
      vertex 157.5 151.471 150.293
      vertex 157.5 151.5 150
    endloop
  endfacet
  facet normal 1 0 0
    outer loop
      vertex 157.5 154.619 151.913
      vertex 157.5 151.386 150.574
      vertex 157.5 151.471 150.293
    endloop
  endfacet
  facet normal 1 0 0
    outer loop
      vertex 157.5 154.157 152.778
      vertex 157.5 151.247 150.833
      vertex 157.5 151.386 150.574
    endloop
  endfacet
  facet normal 1 0 0
    outer loop
      vertex 157.5 153.536 153.536
      vertex 157.5 151.061 151.061
      vertex 157.5 151.247 150.833
    endloop
  endfacet
  facet normal 1 0 0
    outer loop
      vertex 157.5 150.574 151.386
      vertex 157.5 151.913 154.619
      vertex 157.5 150.975 154.904
    endloop
  endfacet
  facet normal 1 0 0
    outer loop
      vertex 157.5 152.778 154.157
      vertex 157.5 150.833 151.247
      vertex 157.5 151.061 151.061
    endloop
  endfacet
  facet normal 1 0 0
    outer loop
      vertex 157.5 151.913 154.619
      vertex 157.5 150.574 151.386
      vertex 157.5 150.833 151.247
    endloop
  endfacet
  facet normal 1 0 0
    outer loop
      vertex 157.5 150.975 154.904
      vertex 157.5 150.293 151.471
      vertex 157.5 150.574 151.386
    endloop
  endfacet
  facet normal 1 0 0
    outer loop
      vertex 157.5 150 155
      vertex 157.5 150.293 151.471
      vertex 157.5 150.975 154.904
    endloop
  endfacet
  facet normal 1 0 0
    outer loop
      vertex 157.5 150 155
      vertex 157.5 150 151.5
      vertex 157.5 150.293 151.471
    endloop
  endfacet
  facet normal 1 0 0
    outer loop
      vertex 157.5 150 155
      vertex 157.5 149.707 151.471
      vertex 157.5 150 151.5
    endloop
  endfacet
  facet normal 1 -0 0
    outer loop
      vertex 157.5 149.025 154.904
      vertex 157.5 149.707 151.471
      vertex 157.5 150 155
    endloop
  endfacet
  facet normal 1 0 0
    outer loop
      vertex 157.5 149.707 151.471
      vertex 157.5 149.025 154.904
      vertex 157.5 149.426 151.386
    endloop
  endfacet
  facet normal 1 -0 0
    outer loop
      vertex 157.5 148.087 154.619
      vertex 157.5 149.426 151.386
      vertex 157.5 149.025 154.904
    endloop
  endfacet
  facet normal 1 0 0
    outer loop
      vertex 157.5 149.426 151.386
      vertex 157.5 148.087 154.619
      vertex 157.5 149.167 151.247
    endloop
  endfacet
  facet normal 1 -0 0
    outer loop
      vertex 157.5 147.222 154.157
      vertex 157.5 149.167 151.247
      vertex 157.5 148.087 154.619
    endloop
  endfacet
  facet normal 1 0 0
    outer loop
      vertex 157.5 149.167 151.247
      vertex 157.5 147.222 154.157
      vertex 157.5 148.939 151.061
    endloop
  endfacet
  facet normal 1 -0 0
    outer loop
      vertex 157.5 146.464 153.536
      vertex 157.5 148.939 151.061
      vertex 157.5 147.222 154.157
    endloop
  endfacet
  facet normal 1 0 0
    outer loop
      vertex 157.5 148.939 151.061
      vertex 157.5 146.464 153.536
      vertex 157.5 148.753 150.833
    endloop
  endfacet
  facet normal 1 -0 0
    outer loop
      vertex 157.5 145.843 152.778
      vertex 157.5 148.753 150.833
      vertex 157.5 146.464 153.536
    endloop
  endfacet
  facet normal 1 0 -0
    outer loop
      vertex 157.5 147 150
      vertex 157.5 148.753 150.833
      vertex 157.5 145.843 152.778
    endloop
  endfacet
  facet normal 1 0 0
    outer loop
      vertex 157.5 148.753 150.833
      vertex 157.5 147 150
      vertex 157.5 148.614 150.574
    endloop
  endfacet
  facet normal 1 0 0
    outer loop
      vertex 157.5 148.529 150.293
      vertex 157.5 147 150
      vertex 157.5 148.5 150
    endloop
  endfacet
  facet normal 1 0 0
    outer loop
      vertex 157.5 148.614 150.574
      vertex 157.5 147 150
      vertex 157.5 148.529 150.293
    endloop
  endfacet
  facet normal 1 -0 0
    outer loop
      vertex 157.5 145.381 151.913
      vertex 157.5 147 150
      vertex 157.5 145.843 152.778
    endloop
  endfacet
  facet normal 1 0 -0
    outer loop
      vertex 157.5 146.464 146.464
      vertex 157.5 147 150
      vertex 157.5 145.843 147.222
    endloop
  endfacet
  facet normal 1 0 0
    outer loop
      vertex 157.5 147 150
      vertex 157.5 146.464 146.464
      vertex 157.5 147 146.025
    endloop
  endfacet
  facet normal 1 -0 0
    outer loop
      vertex 157.5 145.096 150.975
      vertex 157.5 147 150
      vertex 157.5 145.381 151.913
    endloop
  endfacet
  facet normal 1 0 0
    outer loop
      vertex 157.5 147 150
      vertex 157.5 145.381 148.087
      vertex 157.5 145.843 147.222
    endloop
  endfacet
  facet normal 1 0 0
    outer loop
      vertex 157.5 145 150
      vertex 157.5 147 150
      vertex 157.5 145.096 150.975
    endloop
  endfacet
  facet normal 1 0 0
    outer loop
      vertex 157.5 147 150
      vertex 157.5 145.096 149.025
      vertex 157.5 145.381 148.087
    endloop
  endfacet
  facet normal 1 0 0
    outer loop
      vertex 157.5 147 150
      vertex 157.5 145 150
      vertex 157.5 145.096 149.025
    endloop
  endfacet
  facet normal 1 0 0
    outer loop
      vertex 157.5 154.157 147.222
      vertex 157.5 151.247 149.167
      vertex 157.5 153.536 146.464
    endloop
  endfacet
  facet normal 1 -0 0
    outer loop
      vertex 157.5 151.061 148.939
      vertex 157.5 153.536 146.464
      vertex 157.5 151.247 149.167
    endloop
  endfacet
  facet normal 1 0 0
    outer loop
      vertex 157.5 153.536 146.464
      vertex 157.5 151.061 148.939
      vertex 157.5 152.778 145.843
    endloop
  endfacet
  facet normal 1 -0 0
    outer loop
      vertex 157.5 150.833 148.753
      vertex 157.5 152.778 145.843
      vertex 157.5 151.061 148.939
    endloop
  endfacet
  facet normal 1 0 0
    outer loop
      vertex 157.5 152.778 145.843
      vertex 157.5 150.833 148.753
      vertex 157.5 151.913 145.381
    endloop
  endfacet
  facet normal 1 -0 0
    outer loop
      vertex 157.5 150.574 148.614
      vertex 157.5 151.913 145.381
      vertex 157.5 150.833 148.753
    endloop
  endfacet
  facet normal 1 0 0
    outer loop
      vertex 157.5 151.913 145.381
      vertex 157.5 150.574 148.614
      vertex 157.5 150.975 145.096
    endloop
  endfacet
  facet normal 1 -0 0
    outer loop
      vertex 157.5 150.293 148.529
      vertex 157.5 150.975 145.096
      vertex 157.5 150.574 148.614
    endloop
  endfacet
  facet normal 1 -0 0
    outer loop
      vertex 157.5 150 148.5
      vertex 157.5 150.975 145.096
      vertex 157.5 150.293 148.529
    endloop
  endfacet
  facet normal 1 0 0
    outer loop
      vertex 157.5 150.975 145.096
      vertex 157.5 150 148.5
      vertex 157.5 150 145
    endloop
  endfacet
  facet normal 0 0.881919 0.471402
    outer loop
      vertex 157.5 154.619 151.913
      vertex 142.5 154.157 152.778
      vertex 157.5 154.157 152.778
    endloop
  endfacet
  facet normal 0 0.881919 0.471402
    outer loop
      vertex 142.5 154.157 152.778
      vertex 157.5 154.619 151.913
      vertex 142.5 154.619 151.913
    endloop
  endfacet
  facet normal 0 0.995185 0.0980131
    outer loop
      vertex 157.5 155 150
      vertex 142.5 154.904 150.975
      vertex 157.5 154.904 150.975
    endloop
  endfacet
  facet normal 0 0.995185 0.0980131
    outer loop
      vertex 142.5 154.904 150.975
      vertex 157.5 155 150
      vertex 142.5 155 150
    endloop
  endfacet
  facet normal 0 -0.995185 -0.0980131
    outer loop
      vertex 142.5 145.096 149.025
      vertex 157.5 145 150
      vertex 142.5 145 150
    endloop
  endfacet
  facet normal 0 -0.995185 -0.0980131
    outer loop
      vertex 157.5 145 150
      vertex 142.5 145.096 149.025
      vertex 157.5 145.096 149.025
    endloop
  endfacet
  facet normal 0 -0.881919 -0.471402
    outer loop
      vertex 142.5 145.843 147.222
      vertex 157.5 145.381 148.087
      vertex 142.5 145.381 148.087
    endloop
  endfacet
  facet normal 0 -0.881919 -0.471402
    outer loop
      vertex 157.5 145.381 148.087
      vertex 142.5 145.843 147.222
      vertex 157.5 145.843 147.222
    endloop
  endfacet
  facet normal 0 -0.773015 0.634387
    outer loop
      vertex 142.5 145.843 152.778
      vertex 157.5 146.464 153.536
      vertex 142.5 146.464 153.536
    endloop
  endfacet
  facet normal 0 -0.773015 0.634387
    outer loop
      vertex 157.5 146.464 153.536
      vertex 142.5 145.843 152.778
      vertex 157.5 145.843 152.778
    endloop
  endfacet
  facet normal 0 -0.95694 0.290284
    outer loop
      vertex 142.5 145.096 150.975
      vertex 157.5 145.381 151.913
      vertex 142.5 145.381 151.913
    endloop
  endfacet
  facet normal 0 -0.95694 0.290284
    outer loop
      vertex 157.5 145.381 151.913
      vertex 142.5 145.096 150.975
      vertex 157.5 145.096 150.975
    endloop
  endfacet
  facet normal 0 -0.471402 0.881919
    outer loop
      vertex 142.5 148.087 154.619
      vertex 157.5 147.222 154.157
      vertex 157.5 148.087 154.619
    endloop
  endfacet
  facet normal 0 -0.471402 0.881919
    outer loop
      vertex 157.5 147.222 154.157
      vertex 142.5 148.087 154.619
      vertex 142.5 147.222 154.157
    endloop
  endfacet
  facet normal 0 -0.0980131 0.995185
    outer loop
      vertex 142.5 150 155
      vertex 157.5 149.025 154.904
      vertex 157.5 150 155
    endloop
  endfacet
  facet normal 0 -0.0980131 0.995185
    outer loop
      vertex 157.5 149.025 154.904
      vertex 142.5 150 155
      vertex 142.5 149.025 154.904
    endloop
  endfacet
  facet normal 0 -0.95694 -0.290284
    outer loop
      vertex 142.5 145.381 148.087
      vertex 157.5 145.096 149.025
      vertex 142.5 145.096 149.025
    endloop
  endfacet
  facet normal 0 -0.95694 -0.290284
    outer loop
      vertex 157.5 145.096 149.025
      vertex 142.5 145.381 148.087
      vertex 157.5 145.381 148.087
    endloop
  endfacet
  facet normal 0 -0.881919 0.471402
    outer loop
      vertex 142.5 145.381 151.913
      vertex 157.5 145.843 152.778
      vertex 142.5 145.843 152.778
    endloop
  endfacet
  facet normal 0 -0.881919 0.471402
    outer loop
      vertex 157.5 145.843 152.778
      vertex 142.5 145.381 151.913
      vertex 157.5 145.381 151.913
    endloop
  endfacet
  facet normal 0 -0.995185 0.0980131
    outer loop
      vertex 142.5 145 150
      vertex 157.5 145.096 150.975
      vertex 142.5 145.096 150.975
    endloop
  endfacet
  facet normal 0 -0.995185 0.0980131
    outer loop
      vertex 157.5 145.096 150.975
      vertex 142.5 145 150
      vertex 157.5 145 150
    endloop
  endfacet
  facet normal 0 -0.634387 0.773015
    outer loop
      vertex 142.5 147.222 154.157
      vertex 157.5 146.464 153.536
      vertex 157.5 147.222 154.157
    endloop
  endfacet
  facet normal 0 -0.634387 0.773015
    outer loop
      vertex 157.5 146.464 153.536
      vertex 142.5 147.222 154.157
      vertex 142.5 146.464 153.536
    endloop
  endfacet
  facet normal 0 -0.290284 0.95694
    outer loop
      vertex 142.5 149.025 154.904
      vertex 157.5 148.087 154.619
      vertex 157.5 149.025 154.904
    endloop
  endfacet
  facet normal 0 -0.290284 0.95694
    outer loop
      vertex 157.5 148.087 154.619
      vertex 142.5 149.025 154.904
      vertex 142.5 148.087 154.619
    endloop
  endfacet
  facet normal 0 -0.881933 0.471374
    outer loop
      vertex 142.5 151.247 149.167
      vertex 157.5 151.386 149.426
      vertex 142.5 151.386 149.426
    endloop
  endfacet
  facet normal 0 -0.881933 0.471374
    outer loop
      vertex 157.5 151.386 149.426
      vertex 142.5 151.247 149.167
      vertex 157.5 151.247 149.167
    endloop
  endfacet
  facet normal 0 0.956941 -0.290284
    outer loop
      vertex 157.5 148.529 150.293
      vertex 142.5 148.614 150.574
      vertex 157.5 148.614 150.574
    endloop
  endfacet
  facet normal 0 0.956941 -0.290284
    outer loop
      vertex 142.5 148.614 150.574
      vertex 157.5 148.529 150.293
      vertex 142.5 148.529 150.293
    endloop
  endfacet
  facet normal 0 -0.956941 -0.290284
    outer loop
      vertex 142.5 151.471 150.293
      vertex 157.5 151.386 150.574
      vertex 142.5 151.386 150.574
    endloop
  endfacet
  facet normal 0 -0.956941 -0.290284
    outer loop
      vertex 157.5 151.386 150.574
      vertex 142.5 151.471 150.293
      vertex 157.5 151.471 150.293
    endloop
  endfacet
  facet normal 0 -0.471374 -0.881933
    outer loop
      vertex 142.5 150.574 151.386
      vertex 157.5 150.833 151.247
      vertex 157.5 150.574 151.386
    endloop
  endfacet
  facet normal -0 -0.471374 -0.881933
    outer loop
      vertex 157.5 150.833 151.247
      vertex 142.5 150.574 151.386
      vertex 142.5 150.833 151.247
    endloop
  endfacet
  facet normal 0 -0.290284 0.956941
    outer loop
      vertex 142.5 150.574 148.614
      vertex 157.5 150.293 148.529
      vertex 157.5 150.574 148.614
    endloop
  endfacet
  facet normal 0 -0.290284 0.956941
    outer loop
      vertex 157.5 150.293 148.529
      vertex 142.5 150.574 148.614
      vertex 142.5 150.293 148.529
    endloop
  endfacet
  facet normal 0 -0.471374 0.881933
    outer loop
      vertex 142.5 150.833 148.753
      vertex 157.5 150.574 148.614
      vertex 157.5 150.833 148.753
    endloop
  endfacet
  facet normal 0 -0.471374 0.881933
    outer loop
      vertex 157.5 150.574 148.614
      vertex 142.5 150.833 148.753
      vertex 142.5 150.574 148.614
    endloop
  endfacet
  facet normal 0 -0.63443 0.772981
    outer loop
      vertex 142.5 151.061 148.939
      vertex 157.5 150.833 148.753
      vertex 157.5 151.061 148.939
    endloop
  endfacet
  facet normal 0 -0.63443 0.772981
    outer loop
      vertex 157.5 150.833 148.753
      vertex 142.5 151.061 148.939
      vertex 142.5 150.833 148.753
    endloop
  endfacet
  facet normal 0 -0.772981 0.63443
    outer loop
      vertex 142.5 151.061 148.939
      vertex 157.5 151.247 149.167
      vertex 142.5 151.247 149.167
    endloop
  endfacet
  facet normal 0 -0.772981 0.63443
    outer loop
      vertex 157.5 151.247 149.167
      vertex 142.5 151.061 148.939
      vertex 157.5 151.061 148.939
    endloop
  endfacet
  facet normal 0 -0.995184 0.0980239
    outer loop
      vertex 142.5 151.471 149.707
      vertex 157.5 151.5 150
      vertex 142.5 151.5 150
    endloop
  endfacet
  facet normal 0 -0.995184 0.0980239
    outer loop
      vertex 157.5 151.5 150
      vertex 142.5 151.471 149.707
      vertex 157.5 151.471 149.707
    endloop
  endfacet
  facet normal 0 -0.0980239 -0.995184
    outer loop
      vertex 142.5 150 151.5
      vertex 157.5 150.293 151.471
      vertex 157.5 150 151.5
    endloop
  endfacet
  facet normal -0 -0.0980239 -0.995184
    outer loop
      vertex 157.5 150.293 151.471
      vertex 142.5 150 151.5
      vertex 142.5 150.293 151.471
    endloop
  endfacet
  facet normal 0 -0.63443 -0.772981
    outer loop
      vertex 142.5 150.833 151.247
      vertex 157.5 151.061 151.061
      vertex 157.5 150.833 151.247
    endloop
  endfacet
  facet normal -0 -0.63443 -0.772981
    outer loop
      vertex 157.5 151.061 151.061
      vertex 142.5 150.833 151.247
      vertex 142.5 151.061 151.061
    endloop
  endfacet
  facet normal 0 -0.881933 -0.471374
    outer loop
      vertex 142.5 151.386 150.574
      vertex 157.5 151.247 150.833
      vertex 142.5 151.247 150.833
    endloop
  endfacet
  facet normal 0 -0.881933 -0.471374
    outer loop
      vertex 157.5 151.247 150.833
      vertex 142.5 151.386 150.574
      vertex 157.5 151.386 150.574
    endloop
  endfacet
  facet normal 0 -0.995184 -0.0980239
    outer loop
      vertex 142.5 151.5 150
      vertex 157.5 151.471 150.293
      vertex 142.5 151.471 150.293
    endloop
  endfacet
  facet normal 0 -0.995184 -0.0980239
    outer loop
      vertex 157.5 151.471 150.293
      vertex 142.5 151.5 150
      vertex 157.5 151.5 150
    endloop
  endfacet
  facet normal 0 -0.772981 -0.63443
    outer loop
      vertex 142.5 151.247 150.833
      vertex 157.5 151.061 151.061
      vertex 142.5 151.061 151.061
    endloop
  endfacet
  facet normal 0 -0.772981 -0.63443
    outer loop
      vertex 157.5 151.061 151.061
      vertex 142.5 151.247 150.833
      vertex 157.5 151.247 150.833
    endloop
  endfacet
  facet normal 0 -0.0980239 0.995184
    outer loop
      vertex 142.5 150.293 148.529
      vertex 157.5 150 148.5
      vertex 157.5 150.293 148.529
    endloop
  endfacet
  facet normal 0 -0.0980239 0.995184
    outer loop
      vertex 157.5 150 148.5
      vertex 142.5 150.293 148.529
      vertex 142.5 150 148.5
    endloop
  endfacet
  facet normal 0 0.995184 -0.0980239
    outer loop
      vertex 157.5 148.5 150
      vertex 142.5 148.529 150.293
      vertex 157.5 148.529 150.293
    endloop
  endfacet
  facet normal 0 0.995184 -0.0980239
    outer loop
      vertex 142.5 148.529 150.293
      vertex 157.5 148.5 150
      vertex 142.5 148.5 150
    endloop
  endfacet
  facet normal 0 0.772981 -0.63443
    outer loop
      vertex 157.5 148.753 150.833
      vertex 142.5 148.939 151.061
      vertex 157.5 148.939 151.061
    endloop
  endfacet
  facet normal 0 0.772981 -0.63443
    outer loop
      vertex 142.5 148.939 151.061
      vertex 157.5 148.753 150.833
      vertex 142.5 148.753 150.833
    endloop
  endfacet
  facet normal 0 0.471374 -0.881933
    outer loop
      vertex 142.5 149.167 151.247
      vertex 157.5 149.426 151.386
      vertex 157.5 149.167 151.247
    endloop
  endfacet
  facet normal 0 0.471374 -0.881933
    outer loop
      vertex 157.5 149.426 151.386
      vertex 142.5 149.167 151.247
      vertex 142.5 149.426 151.386
    endloop
  endfacet
  facet normal 0 0.0980239 -0.995184
    outer loop
      vertex 142.5 149.707 151.471
      vertex 157.5 150 151.5
      vertex 157.5 149.707 151.471
    endloop
  endfacet
  facet normal 0 0.0980239 -0.995184
    outer loop
      vertex 157.5 150 151.5
      vertex 142.5 149.707 151.471
      vertex 142.5 150 151.5
    endloop
  endfacet
  facet normal 0 0.63443 -0.772981
    outer loop
      vertex 142.5 148.939 151.061
      vertex 157.5 149.167 151.247
      vertex 157.5 148.939 151.061
    endloop
  endfacet
  facet normal 0 0.63443 -0.772981
    outer loop
      vertex 157.5 149.167 151.247
      vertex 142.5 148.939 151.061
      vertex 142.5 149.167 151.247
    endloop
  endfacet
  facet normal 0 -0.956941 0.290284
    outer loop
      vertex 142.5 151.386 149.426
      vertex 157.5 151.471 149.707
      vertex 142.5 151.471 149.707
    endloop
  endfacet
  facet normal 0 -0.956941 0.290284
    outer loop
      vertex 157.5 151.471 149.707
      vertex 142.5 151.386 149.426
      vertex 157.5 151.386 149.426
    endloop
  endfacet
  facet normal 0 -0.290284 -0.956941
    outer loop
      vertex 142.5 150.293 151.471
      vertex 157.5 150.574 151.386
      vertex 157.5 150.293 151.471
    endloop
  endfacet
  facet normal -0 -0.290284 -0.956941
    outer loop
      vertex 157.5 150.574 151.386
      vertex 142.5 150.293 151.471
      vertex 142.5 150.574 151.386
    endloop
  endfacet
  facet normal 0 0.881933 -0.471374
    outer loop
      vertex 157.5 148.614 150.574
      vertex 142.5 148.753 150.833
      vertex 157.5 148.753 150.833
    endloop
  endfacet
  facet normal 0 0.881933 -0.471374
    outer loop
      vertex 142.5 148.753 150.833
      vertex 157.5 148.614 150.574
      vertex 142.5 148.614 150.574
    endloop
  endfacet
  facet normal 0 0.290284 -0.956941
    outer loop
      vertex 142.5 149.426 151.386
      vertex 157.5 149.707 151.471
      vertex 157.5 149.426 151.386
    endloop
  endfacet
  facet normal 0 0.290284 -0.956941
    outer loop
      vertex 157.5 149.707 151.471
      vertex 142.5 149.426 151.386
      vertex 142.5 149.707 151.471
    endloop
  endfacet
  facet normal -1 0 0
    outer loop
      vertex 20 135 136
      vertex 20 147 150
      vertex 20 147 136
    endloop
  endfacet
  facet normal -1 -0 0
    outer loop
      vertex 20 147 150
      vertex 20 135 136
      vertex 20 135 150
    endloop
  endfacet
  facet normal -0 0 1
    outer loop
      vertex 22 147 139
      vertex 35 135 139
      vertex 35 147 139
    endloop
  endfacet
  facet normal 0 0 1
    outer loop
      vertex 35 135 139
      vertex 22 147 139
      vertex 22 135 139
    endloop
  endfacet
  facet normal 1 -0 0
    outer loop
      vertex 37 135 150
      vertex 37 147 136
      vertex 37 147 150
    endloop
  endfacet
  facet normal 1 0 0
    outer loop
      vertex 37 147 136
      vertex 37 135 150
      vertex 37 135 136
    endloop
  endfacet
  facet normal 0 0 -1
    outer loop
      vertex 20 135 136
      vertex 37 147 136
      vertex 37 135 136
    endloop
  endfacet
  facet normal -0 0 -1
    outer loop
      vertex 37 147 136
      vertex 20 135 136
      vertex 20 147 136
    endloop
  endfacet
  facet normal 0 -1 0
    outer loop
      vertex 20 135 150
      vertex 22 135 139
      vertex 22 135 150
    endloop
  endfacet
  facet normal 0 -1 -0
    outer loop
      vertex 22 135 139
      vertex 20 135 136
      vertex 35 135 139
    endloop
  endfacet
  facet normal 0 -1 0
    outer loop
      vertex 20 135 136
      vertex 22 135 139
      vertex 20 135 150
    endloop
  endfacet
  facet normal 0 -1 0
    outer loop
      vertex 35 135 139
      vertex 37 135 150
      vertex 35 135 150
    endloop
  endfacet
  facet normal 0 -1 0
    outer loop
      vertex 35 135 139
      vertex 37 135 136
      vertex 37 135 150
    endloop
  endfacet
  facet normal 0 -1 0
    outer loop
      vertex 37 135 136
      vertex 35 135 139
      vertex 20 135 136
    endloop
  endfacet
  facet normal 1 -0 0
    outer loop
      vertex 22 135 150
      vertex 22 147 139
      vertex 22 147 150
    endloop
  endfacet
  facet normal 1 0 0
    outer loop
      vertex 22 147 139
      vertex 22 135 150
      vertex 22 135 139
    endloop
  endfacet
  facet normal -1 0 0
    outer loop
      vertex 35 135 139
      vertex 35 147 150
      vertex 35 147 139
    endloop
  endfacet
  facet normal -1 -0 0
    outer loop
      vertex 35 147 150
      vertex 35 135 139
      vertex 35 135 150
    endloop
  endfacet
  facet normal -1 0 0
    outer loop
      vertex 3.5 168.5 3
      vertex 3.5 311.5 8
      vertex 3.5 311.5 3
    endloop
  endfacet
  facet normal -1 -0 0
    outer loop
      vertex 3.5 311.5 8
      vertex 3.5 168.5 3
      vertex 3.5 168.5 8
    endloop
  endfacet
  facet normal 0 0 1
    outer loop
      vertex 196.5 311.5 8
      vertex 193.5 308.5 8
      vertex 196.5 168.5 8
    endloop
  endfacet
  facet normal 0 0 1
    outer loop
      vertex 196.5 311.5 8
      vertex 6.5 308.5 8
      vertex 193.5 308.5 8
    endloop
  endfacet
  facet normal 0 0 1
    outer loop
      vertex 6.5 308.5 8
      vertex 3.5 311.5 8
      vertex 6.5 171.5 8
    endloop
  endfacet
  facet normal -0 0 1
    outer loop
      vertex 3.5 311.5 8
      vertex 6.5 308.5 8
      vertex 196.5 311.5 8
    endloop
  endfacet
  facet normal -0 0 1
    outer loop
      vertex 193.5 171.5 8
      vertex 196.5 168.5 8
      vertex 193.5 308.5 8
    endloop
  endfacet
  facet normal -0 0 1
    outer loop
      vertex 6.5 171.5 8
      vertex 196.5 168.5 8
      vertex 193.5 171.5 8
    endloop
  endfacet
  facet normal 0 0 1
    outer loop
      vertex 6.5 171.5 8
      vertex 3.5 168.5 8
      vertex 196.5 168.5 8
    endloop
  endfacet
  facet normal 0 0 1
    outer loop
      vertex 3.5 168.5 8
      vertex 6.5 171.5 8
      vertex 3.5 311.5 8
    endloop
  endfacet
  facet normal 1 -0 0
    outer loop
      vertex 196.5 168.5 8
      vertex 196.5 311.5 3
      vertex 196.5 311.5 8
    endloop
  endfacet
  facet normal 1 0 0
    outer loop
      vertex 196.5 311.5 3
      vertex 196.5 168.5 8
      vertex 196.5 168.5 3
    endloop
  endfacet
  facet normal 0 1 -0
    outer loop
      vertex 58 311.5 3
      vertex 42 311.5 3.5647
      vertex 58 311.5 3.5647
    endloop
  endfacet
  facet normal 0 1 0
    outer loop
      vertex 42 311.5 3.5647
      vertex 58 311.5 3
      vertex 42 311.5 3
    endloop
  endfacet
  facet normal 0 1 -0
    outer loop
      vertex 127 311.5 3
      vertex 73 311.5 3.5647
      vertex 127 311.5 3.5647
    endloop
  endfacet
  facet normal 0 1 0
    outer loop
      vertex 73 311.5 3.5647
      vertex 127 311.5 3
      vertex 73 311.5 3
    endloop
  endfacet
  facet normal 0 1 -0
    outer loop
      vertex 158 311.5 3
      vertex 142 311.5 3.5647
      vertex 158 311.5 3.5647
    endloop
  endfacet
  facet normal 0 1 0
    outer loop
      vertex 142 311.5 3.5647
      vertex 158 311.5 3
      vertex 142 311.5 3
    endloop
  endfacet
  facet normal 0 1 0
    outer loop
      vertex 158 311.5 3.5647
      vertex 196.5 311.5 8
      vertex 173 311.5 3.5647
    endloop
  endfacet
  facet normal 0 1 -0
    outer loop
      vertex 196.5 311.5 3
      vertex 173 311.5 3.5647
      vertex 196.5 311.5 8
    endloop
  endfacet
  facet normal 0 1 0
    outer loop
      vertex 173 311.5 3.5647
      vertex 196.5 311.5 3
      vertex 173 311.5 3
    endloop
  endfacet
  facet normal 0 1 0
    outer loop
      vertex 142 311.5 3.5647
      vertex 196.5 311.5 8
      vertex 158 311.5 3.5647
    endloop
  endfacet
  facet normal 0 1 0
    outer loop
      vertex 127 311.5 3.5647
      vertex 196.5 311.5 8
      vertex 142 311.5 3.5647
    endloop
  endfacet
  facet normal 0 1 0
    outer loop
      vertex 196.5 311.5 8
      vertex 127 311.5 3.5647
      vertex 3.5 311.5 8
    endloop
  endfacet
  facet normal 0 1 -0
    outer loop
      vertex 73 311.5 3.5647
      vertex 3.5 311.5 8
      vertex 127 311.5 3.5647
    endloop
  endfacet
  facet normal 0 1 -0
    outer loop
      vertex 58 311.5 3.5647
      vertex 3.5 311.5 8
      vertex 73 311.5 3.5647
    endloop
  endfacet
  facet normal 0 1 -0
    outer loop
      vertex 42 311.5 3.5647
      vertex 3.5 311.5 8
      vertex 58 311.5 3.5647
    endloop
  endfacet
  facet normal 0 1 -0
    outer loop
      vertex 27 311.5 3.5647
      vertex 3.5 311.5 8
      vertex 42 311.5 3.5647
    endloop
  endfacet
  facet normal 0 1 0
    outer loop
      vertex 3.5 311.5 3
      vertex 27 311.5 3.5647
      vertex 27 311.5 3
    endloop
  endfacet
  facet normal 0 1 0
    outer loop
      vertex 27 311.5 3.5647
      vertex 3.5 311.5 3
      vertex 3.5 311.5 8
    endloop
  endfacet
  facet normal 0 -1 0
    outer loop
      vertex 3.5 168.5 3
      vertex 196.5 168.5 8
      vertex 3.5 168.5 8
    endloop
  endfacet
  facet normal 0 -1 -0
    outer loop
      vertex 196.5 168.5 8
      vertex 3.5 168.5 3
      vertex 196.5 168.5 3
    endloop
  endfacet
  facet normal 1 -0 0
    outer loop
      vertex 6.5 171.5 8
      vertex 6.5 308.5 3
      vertex 6.5 308.5 8
    endloop
  endfacet
  facet normal 1 0 0
    outer loop
      vertex 6.5 308.5 3
      vertex 6.5 171.5 8
      vertex 6.5 171.5 3
    endloop
  endfacet
  facet normal -1 0 0
    outer loop
      vertex 193.5 171.5 3
      vertex 193.5 308.5 8
      vertex 193.5 308.5 3
    endloop
  endfacet
  facet normal -1 -0 0
    outer loop
      vertex 193.5 308.5 8
      vertex 193.5 171.5 3
      vertex 193.5 171.5 8
    endloop
  endfacet
  facet normal 0 -1 0
    outer loop
      vertex 6.5 308.5 3
      vertex 193.5 308.5 8
      vertex 6.5 308.5 8
    endloop
  endfacet
  facet normal 0 -1 -0
    outer loop
      vertex 193.5 308.5 8
      vertex 6.5 308.5 3
      vertex 193.5 308.5 3
    endloop
  endfacet
  facet normal 0 1 -0
    outer loop
      vertex 193.5 171.5 3
      vertex 6.5 171.5 8
      vertex 193.5 171.5 8
    endloop
  endfacet
  facet normal 0 1 0
    outer loop
      vertex 6.5 171.5 8
      vertex 193.5 171.5 3
      vertex 6.5 171.5 3
    endloop
  endfacet
  facet normal 0 0.0980164 -0.995185
    outer loop
      vertex 58 315 -5
      vertex 73 315.975 -4.90393
      vertex 73 315 -5
    endloop
  endfacet
  facet normal 0 0.0980164 -0.995185
    outer loop
      vertex 73 315.975 -4.90393
      vertex 58 315 -5
      vertex 58 315.975 -4.90393
    endloop
  endfacet
  facet normal -0 0.0980164 0.995185
    outer loop
      vertex 58 315.975 4.90393
      vertex 73 315 5
      vertex 73 315.975 4.90393
    endloop
  endfacet
  facet normal 0 0.0980164 0.995185
    outer loop
      vertex 73 315 5
      vertex 58 315.975 4.90393
      vertex 58 315 5
    endloop
  endfacet
  facet normal 2.17098e-17 0.995185 -0.0980128
    outer loop
      vertex 73 319.904 -0.975451
      vertex 58 320 0
      vertex 73 320 3.33067e-15
    endloop
  endfacet
  facet normal 0 0.995185 -0.0980128
    outer loop
      vertex 58 320 0
      vertex 73 319.904 -0.975451
      vertex 58 319.904 -0.975451
    endloop
  endfacet
  facet normal 0 0.634404 -0.773001
    outer loop
      vertex 58 317.778 -4.15735
      vertex 73 318.536 -3.53553
      vertex 73 317.778 -4.15735
    endloop
  endfacet
  facet normal 0 0.634404 -0.773001
    outer loop
      vertex 73 318.536 -3.53553
      vertex 58 317.778 -4.15735
      vertex 58 318.536 -3.53553
    endloop
  endfacet
  facet normal 0 0.773004 0.634401
    outer loop
      vertex 73 319.157 2.77785
      vertex 58 318.536 3.53553
      vertex 73 318.536 3.53553
    endloop
  endfacet
  facet normal 0 0.773004 0.634401
    outer loop
      vertex 58 318.536 3.53553
      vertex 73 319.157 2.77785
      vertex 58 319.157 2.77785
    endloop
  endfacet
  facet normal 0 0.956935 0.290301
    outer loop
      vertex 73 319.904 0.975451
      vertex 58 319.619 1.91342
      vertex 73 319.619 1.91342
    endloop
  endfacet
  facet normal 0 0.956935 0.290301
    outer loop
      vertex 58 319.619 1.91342
      vertex 73 319.904 0.975451
      vertex 58 319.904 0.975451
    endloop
  endfacet
  facet normal 0 -0.773004 -0.634401
    outer loop
      vertex 58 311.464 -3.53553
      vertex 73 310.843 -2.77785
      vertex 58 310.843 -2.77785
    endloop
  endfacet
  facet normal 0 -0.773004 -0.634401
    outer loop
      vertex 73 310.843 -2.77785
      vertex 58 311.464 -3.53553
      vertex 73 311.464 -3.53553
    endloop
  endfacet
  facet normal 0 -0.634404 -0.773001
    outer loop
      vertex 58 311.464 -3.53553
      vertex 73 312.222 -4.15735
      vertex 73 311.464 -3.53553
    endloop
  endfacet
  facet normal -0 -0.634404 -0.773001
    outer loop
      vertex 73 312.222 -4.15735
      vertex 58 311.464 -3.53553
      vertex 58 312.222 -4.15735
    endloop
  endfacet
  facet normal -1 0 0
    outer loop
      vertex 58 316.5 0
      vertex 58 320 0
      vertex 58 319.904 -0.975451
    endloop
  endfacet
  facet normal -1 0 0
    outer loop
      vertex 58 316.471 -0.292635
      vertex 58 319.904 -0.975451
      vertex 58 319.619 -1.91342
    endloop
  endfacet
  facet normal -1 0 0
    outer loop
      vertex 58 320 0
      vertex 58 316.5 0
      vertex 58 319.904 0.975451
    endloop
  endfacet
  facet normal -1 0 0
    outer loop
      vertex 58 316.386 -0.574024
      vertex 58 319.619 -1.91342
      vertex 58 319.157 -2.77785
    endloop
  endfacet
  facet normal -1 0 0
    outer loop
      vertex 58 316.471 0.292635
      vertex 58 319.904 0.975451
      vertex 58 316.5 0
    endloop
  endfacet
  facet normal -1 0 0
    outer loop
      vertex 58 316.247 -0.833355
      vertex 58 319.157 -2.77785
      vertex 58 318.536 -3.53553
    endloop
  endfacet
  facet normal -1 -0 0
    outer loop
      vertex 58 319.904 0.975451
      vertex 58 316.471 0.292635
      vertex 58 319.619 1.91342
    endloop
  endfacet
  facet normal -1 0 0
    outer loop
      vertex 58 316.061 -1.06066
      vertex 58 318.536 -3.53553
      vertex 58 317.778 -4.15735
    endloop
  endfacet
  facet normal -1 0 0
    outer loop
      vertex 58 316.386 0.574024
      vertex 58 319.619 1.91342
      vertex 58 316.471 0.292635
    endloop
  endfacet
  facet normal -1 0 0
    outer loop
      vertex 58 315.833 -1.2472
      vertex 58 317.778 -4.15735
      vertex 58 316.913 -4.6194
    endloop
  endfacet
  facet normal -1 -0 0
    outer loop
      vertex 58 319.619 1.91342
      vertex 58 316.386 0.574024
      vertex 58 319.157 2.77785
    endloop
  endfacet
  facet normal -1 0 0
    outer loop
      vertex 58 316.247 0.833355
      vertex 58 319.157 2.77785
      vertex 58 316.386 0.574024
    endloop
  endfacet
  facet normal -1 0 0
    outer loop
      vertex 58 319.904 -0.975451
      vertex 58 316.471 -0.292635
      vertex 58 316.5 0
    endloop
  endfacet
  facet normal -1 0 0
    outer loop
      vertex 58 319.619 -1.91342
      vertex 58 316.386 -0.574024
      vertex 58 316.471 -0.292635
    endloop
  endfacet
  facet normal -1 0 0
    outer loop
      vertex 58 319.157 -2.77785
      vertex 58 316.247 -0.833355
      vertex 58 316.386 -0.574024
    endloop
  endfacet
  facet normal -1 0 0
    outer loop
      vertex 58 318.536 -3.53553
      vertex 58 316.061 -1.06066
      vertex 58 316.247 -0.833355
    endloop
  endfacet
  facet normal -1 0 0
    outer loop
      vertex 58 315.574 -1.38582
      vertex 58 316.913 -4.6194
      vertex 58 315.975 -4.90393
    endloop
  endfacet
  facet normal -1 0 0
    outer loop
      vertex 58 317.778 -4.15735
      vertex 58 315.833 -1.2472
      vertex 58 316.061 -1.06066
    endloop
  endfacet
  facet normal -1 0 0
    outer loop
      vertex 58 316.913 -4.6194
      vertex 58 315.574 -1.38582
      vertex 58 315.833 -1.2472
    endloop
  endfacet
  facet normal -1 0 0
    outer loop
      vertex 58 315.975 -4.90393
      vertex 58 315.293 -1.47118
      vertex 58 315.574 -1.38582
    endloop
  endfacet
  facet normal -1 0 0
    outer loop
      vertex 58 315 -5
      vertex 58 315.293 -1.47118
      vertex 58 315.975 -4.90393
    endloop
  endfacet
  facet normal -1 0 0
    outer loop
      vertex 58 315 -5
      vertex 58 315 -1.5
      vertex 58 315.293 -1.47118
    endloop
  endfacet
  facet normal -1 0 0
    outer loop
      vertex 58 315 -5
      vertex 58 314.707 -1.47118
      vertex 58 315 -1.5
    endloop
  endfacet
  facet normal -1 0 0
    outer loop
      vertex 58 314.025 -4.90393
      vertex 58 314.707 -1.47118
      vertex 58 315 -5
    endloop
  endfacet
  facet normal -1 -0 0
    outer loop
      vertex 58 314.707 -1.47118
      vertex 58 314.025 -4.90393
      vertex 58 314.426 -1.38582
    endloop
  endfacet
  facet normal -1 0 0
    outer loop
      vertex 58 313.087 -4.6194
      vertex 58 314.426 -1.38582
      vertex 58 314.025 -4.90393
    endloop
  endfacet
  facet normal -1 -0 0
    outer loop
      vertex 58 314.426 -1.38582
      vertex 58 313.087 -4.6194
      vertex 58 314.167 -1.2472
    endloop
  endfacet
  facet normal -1 0 0
    outer loop
      vertex 58 312.222 -4.15735
      vertex 58 314.167 -1.2472
      vertex 58 313.087 -4.6194
    endloop
  endfacet
  facet normal -1 -0 0
    outer loop
      vertex 58 314.167 -1.2472
      vertex 58 312.222 -4.15735
      vertex 58 313.939 -1.06066
    endloop
  endfacet
  facet normal -1 0 0
    outer loop
      vertex 58 311.464 -3.53553
      vertex 58 313.939 -1.06066
      vertex 58 312.222 -4.15735
    endloop
  endfacet
  facet normal -1 -0 0
    outer loop
      vertex 58 313.939 -1.06066
      vertex 58 311.464 -3.53553
      vertex 58 313.753 -0.833355
    endloop
  endfacet
  facet normal -1 0 0
    outer loop
      vertex 58 310.843 -2.77785
      vertex 58 313.753 -0.833355
      vertex 58 311.464 -3.53553
    endloop
  endfacet
  facet normal -1 -0 0
    outer loop
      vertex 58 313.753 -0.833355
      vertex 58 310.843 -2.77785
      vertex 58 313.614 -0.574024
    endloop
  endfacet
  facet normal -1 0 0
    outer loop
      vertex 58 310.381 -1.91342
      vertex 58 313.614 -0.574024
      vertex 58 310.843 -2.77785
    endloop
  endfacet
  facet normal -1 -0 0
    outer loop
      vertex 58 313.614 -0.574024
      vertex 58 310.381 -1.91342
      vertex 58 313.529 -0.292635
    endloop
  endfacet
  facet normal -1 0 0
    outer loop
      vertex 58 310.096 -0.975451
      vertex 58 313.529 -0.292635
      vertex 58 310.381 -1.91342
    endloop
  endfacet
  facet normal -1 -0 0
    outer loop
      vertex 58 313.529 -0.292635
      vertex 58 310.096 -0.975451
      vertex 58 313.5 0
    endloop
  endfacet
  facet normal -1 -0 0
    outer loop
      vertex 58 313.5 0
      vertex 58 310.096 -0.975451
      vertex 58 310 0
    endloop
  endfacet
  facet normal -1 -0 0
    outer loop
      vertex 58 319.157 2.77785
      vertex 58 316.247 0.833355
      vertex 58 318.536 3.53553
    endloop
  endfacet
  facet normal -1 0 0
    outer loop
      vertex 58 316.061 1.06066
      vertex 58 318.536 3.53553
      vertex 58 316.247 0.833355
    endloop
  endfacet
  facet normal -1 -0 0
    outer loop
      vertex 58 318.536 3.53553
      vertex 58 316.061 1.06066
      vertex 58 317.778 4.15735
    endloop
  endfacet
  facet normal -1 0 0
    outer loop
      vertex 58 315.833 1.2472
      vertex 58 317.778 4.15735
      vertex 58 316.061 1.06066
    endloop
  endfacet
  facet normal -1 0 0
    outer loop
      vertex 58 315 3
      vertex 58 317.778 4.15735
      vertex 58 315.833 1.2472
    endloop
  endfacet
  facet normal -1 -0 0
    outer loop
      vertex 58 317.778 4.15735
      vertex 58 315 3
      vertex 58 316.913 4.6194
    endloop
  endfacet
  facet normal -1 0 0
    outer loop
      vertex 58 315 3
      vertex 58 315.833 1.2472
      vertex 58 315.574 1.38582
    endloop
  endfacet
  facet normal -1 0 0
    outer loop
      vertex 58 315 3
      vertex 58 315.574 1.38582
      vertex 58 315.293 1.47118
    endloop
  endfacet
  facet normal -1 0 0
    outer loop
      vertex 58 315 3
      vertex 58 315.293 1.47118
      vertex 58 315 1.5
    endloop
  endfacet
  facet normal -1 -0 0
    outer loop
      vertex 58 316.913 4.6194
      vertex 58 315 3
      vertex 58 315.975 4.90393
    endloop
  endfacet
  facet normal -1 0 0
    outer loop
      vertex 58 315 3
      vertex 58 315 5
      vertex 58 315.975 4.90393
    endloop
  endfacet
  facet normal -1 0 0
    outer loop
      vertex 58 315 3
      vertex 58 314.025 4.90393
      vertex 58 315 5
    endloop
  endfacet
  facet normal -1 0 0
    outer loop
      vertex 58 315 3
      vertex 58 313.087 4.6194
      vertex 58 314.025 4.90393
    endloop
  endfacet
  facet normal -1 0 0
    outer loop
      vertex 58 315 3
      vertex 58 312.222 4.15735
      vertex 58 313.087 4.6194
    endloop
  endfacet
  facet normal -1 0 0
    outer loop
      vertex 58 311.5 3
      vertex 58 312.222 4.15735
      vertex 58 315 3
    endloop
  endfacet
  facet normal -1 0 0
    outer loop
      vertex 58 312.222 4.15735
      vertex 58 311.5 3
      vertex 58 311.5 3.5647
    endloop
  endfacet
  facet normal 0 0.471394 -0.881923
    outer loop
      vertex 58 316.913 -4.6194
      vertex 73 317.778 -4.15735
      vertex 73 316.913 -4.6194
    endloop
  endfacet
  facet normal 0 0.471394 -0.881923
    outer loop
      vertex 73 317.778 -4.15735
      vertex 58 316.913 -4.6194
      vertex 58 317.778 -4.15735
    endloop
  endfacet
  facet normal 0 0.290287 -0.95694
    outer loop
      vertex 58 315.975 -4.90393
      vertex 73 316.913 -4.6194
      vertex 73 315.975 -4.90393
    endloop
  endfacet
  facet normal 0 0.290287 -0.95694
    outer loop
      vertex 73 316.913 -4.6194
      vertex 58 315.975 -4.90393
      vertex 58 316.913 -4.6194
    endloop
  endfacet
  facet normal 0 0.881927 -0.471386
    outer loop
      vertex 73 319.157 -2.77785
      vertex 58 319.619 -1.91342
      vertex 73 319.619 -1.91342
    endloop
  endfacet
  facet normal 0 0.881927 -0.471386
    outer loop
      vertex 58 319.619 -1.91342
      vertex 73 319.157 -2.77785
      vertex 58 319.157 -2.77785
    endloop
  endfacet
  facet normal 0 0.956935 -0.290301
    outer loop
      vertex 73 319.619 -1.91342
      vertex 58 319.904 -0.975451
      vertex 73 319.904 -0.975451
    endloop
  endfacet
  facet normal 0 0.956935 -0.290301
    outer loop
      vertex 58 319.904 -0.975451
      vertex 73 319.619 -1.91342
      vertex 58 319.619 -1.91342
    endloop
  endfacet
  facet normal 0 0.773004 -0.634401
    outer loop
      vertex 73 318.536 -3.53553
      vertex 58 319.157 -2.77785
      vertex 73 319.157 -2.77785
    endloop
  endfacet
  facet normal 0 0.773004 -0.634401
    outer loop
      vertex 58 319.157 -2.77785
      vertex 73 318.536 -3.53553
      vertex 58 318.536 -3.53553
    endloop
  endfacet
  facet normal -0 0.471394 0.881923
    outer loop
      vertex 58 317.778 4.15735
      vertex 73 316.913 4.6194
      vertex 73 317.778 4.15735
    endloop
  endfacet
  facet normal 0 0.471394 0.881923
    outer loop
      vertex 73 316.913 4.6194
      vertex 58 317.778 4.15735
      vertex 58 316.913 4.6194
    endloop
  endfacet
  facet normal -0 0.634404 0.773001
    outer loop
      vertex 58 318.536 3.53553
      vertex 73 317.778 4.15735
      vertex 73 318.536 3.53553
    endloop
  endfacet
  facet normal 0 0.634404 0.773001
    outer loop
      vertex 73 317.778 4.15735
      vertex 58 318.536 3.53553
      vertex 58 317.778 4.15735
    endloop
  endfacet
  facet normal -0 0.290287 0.95694
    outer loop
      vertex 58 316.913 4.6194
      vertex 73 315.975 4.90393
      vertex 73 316.913 4.6194
    endloop
  endfacet
  facet normal 0 0.290287 0.95694
    outer loop
      vertex 73 315.975 4.90393
      vertex 58 316.913 4.6194
      vertex 58 315.975 4.90393
    endloop
  endfacet
  facet normal 1 -0 0
    outer loop
      vertex 73 314.025 4.90393
      vertex 73 315 3
      vertex 73 315 5
    endloop
  endfacet
  facet normal 1 -0 0
    outer loop
      vertex 73 313.087 4.6194
      vertex 73 315 3
      vertex 73 314.025 4.90393
    endloop
  endfacet
  facet normal 1 -0 0
    outer loop
      vertex 73 312.222 4.15735
      vertex 73 315 3
      vertex 73 313.087 4.6194
    endloop
  endfacet
  facet normal 1 0 0
    outer loop
      vertex 73 311.5 3
      vertex 73 312.222 4.15735
      vertex 73 311.5 3.5647
    endloop
  endfacet
  facet normal 1 0 0
    outer loop
      vertex 73 312.222 4.15735
      vertex 73 311.5 3
      vertex 73 315 3
    endloop
  endfacet
  facet normal 1 0 0
    outer loop
      vertex 73 316.5 3.33067e-15
      vertex 73 320 3.33067e-15
      vertex 73 319.904 0.975451
    endloop
  endfacet
  facet normal 1 0 0
    outer loop
      vertex 73 316.471 0.292635
      vertex 73 319.904 0.975451
      vertex 73 319.619 1.91342
    endloop
  endfacet
  facet normal 1 0 0
    outer loop
      vertex 73 320 3.33067e-15
      vertex 73 316.5 3.33067e-15
      vertex 73 319.904 -0.975451
    endloop
  endfacet
  facet normal 1 0 0
    outer loop
      vertex 73 316.386 0.574024
      vertex 73 319.619 1.91342
      vertex 73 319.157 2.77785
    endloop
  endfacet
  facet normal 1 -0 0
    outer loop
      vertex 73 316.471 -0.292635
      vertex 73 319.904 -0.975451
      vertex 73 316.5 3.33067e-15
    endloop
  endfacet
  facet normal 1 0 0
    outer loop
      vertex 73 316.247 0.833355
      vertex 73 319.157 2.77785
      vertex 73 318.536 3.53553
    endloop
  endfacet
  facet normal 1 0 0
    outer loop
      vertex 73 319.904 -0.975451
      vertex 73 316.471 -0.292635
      vertex 73 319.619 -1.91342
    endloop
  endfacet
  facet normal 1 0 0
    outer loop
      vertex 73 316.061 1.06066
      vertex 73 318.536 3.53553
      vertex 73 317.778 4.15735
    endloop
  endfacet
  facet normal 1 -0 0
    outer loop
      vertex 73 316.386 -0.574024
      vertex 73 319.619 -1.91342
      vertex 73 316.471 -0.292635
    endloop
  endfacet
  facet normal 1 0 0
    outer loop
      vertex 73 315 3
      vertex 73 317.778 4.15735
      vertex 73 316.913 4.6194
    endloop
  endfacet
  facet normal 1 0 0
    outer loop
      vertex 73 319.619 -1.91342
      vertex 73 316.386 -0.574024
      vertex 73 319.157 -2.77785
    endloop
  endfacet
  facet normal 1 -0 0
    outer loop
      vertex 73 316.247 -0.833355
      vertex 73 319.157 -2.77785
      vertex 73 316.386 -0.574024
    endloop
  endfacet
  facet normal 1 0 0
    outer loop
      vertex 73 319.904 0.975451
      vertex 73 316.471 0.292635
      vertex 73 316.5 3.33067e-15
    endloop
  endfacet
  facet normal 1 0 0
    outer loop
      vertex 73 319.619 1.91342
      vertex 73 316.386 0.574024
      vertex 73 316.471 0.292635
    endloop
  endfacet
  facet normal 1 0 0
    outer loop
      vertex 73 319.157 2.77785
      vertex 73 316.247 0.833355
      vertex 73 316.386 0.574024
    endloop
  endfacet
  facet normal 1 0 0
    outer loop
      vertex 73 318.536 3.53553
      vertex 73 316.061 1.06066
      vertex 73 316.247 0.833355
    endloop
  endfacet
  facet normal 1 0 0
    outer loop
      vertex 73 315 3
      vertex 73 316.913 4.6194
      vertex 73 315.975 4.90393
    endloop
  endfacet
  facet normal 1 0 0
    outer loop
      vertex 73 317.778 4.15735
      vertex 73 315.833 1.2472
      vertex 73 316.061 1.06066
    endloop
  endfacet
  facet normal 1 0 0
    outer loop
      vertex 73 317.778 4.15735
      vertex 73 315 3
      vertex 73 315.833 1.2472
    endloop
  endfacet
  facet normal 1 0 0
    outer loop
      vertex 73 315.833 1.2472
      vertex 73 315 3
      vertex 73 315.574 1.38582
    endloop
  endfacet
  facet normal 1 0 0
    outer loop
      vertex 73 315 3
      vertex 73 315.975 4.90393
      vertex 73 315 5
    endloop
  endfacet
  facet normal 1 0 0
    outer loop
      vertex 73 315.574 1.38582
      vertex 73 315 3
      vertex 73 315.293 1.47118
    endloop
  endfacet
  facet normal 1 0 0
    outer loop
      vertex 73 315.293 1.47118
      vertex 73 315 3
      vertex 73 315 1.5
    endloop
  endfacet
  facet normal 1 0 0
    outer loop
      vertex 73 319.157 -2.77785
      vertex 73 316.247 -0.833355
      vertex 73 318.536 -3.53553
    endloop
  endfacet
  facet normal 1 -0 0
    outer loop
      vertex 73 316.061 -1.06066
      vertex 73 318.536 -3.53553
      vertex 73 316.247 -0.833355
    endloop
  endfacet
  facet normal 1 0 0
    outer loop
      vertex 73 318.536 -3.53553
      vertex 73 316.061 -1.06066
      vertex 73 317.778 -4.15735
    endloop
  endfacet
  facet normal 1 -0 0
    outer loop
      vertex 73 315.833 -1.2472
      vertex 73 317.778 -4.15735
      vertex 73 316.061 -1.06066
    endloop
  endfacet
  facet normal 1 0 0
    outer loop
      vertex 73 317.778 -4.15735
      vertex 73 315.833 -1.2472
      vertex 73 316.913 -4.6194
    endloop
  endfacet
  facet normal 1 -0 0
    outer loop
      vertex 73 315.574 -1.38582
      vertex 73 316.913 -4.6194
      vertex 73 315.833 -1.2472
    endloop
  endfacet
  facet normal 1 0 0
    outer loop
      vertex 73 316.913 -4.6194
      vertex 73 315.574 -1.38582
      vertex 73 315.975 -4.90393
    endloop
  endfacet
  facet normal 1 -0 0
    outer loop
      vertex 73 315.293 -1.47118
      vertex 73 315.975 -4.90393
      vertex 73 315.574 -1.38582
    endloop
  endfacet
  facet normal 1 -0 0
    outer loop
      vertex 73 315 -1.5
      vertex 73 315.975 -4.90393
      vertex 73 315.293 -1.47118
    endloop
  endfacet
  facet normal 1 0 0
    outer loop
      vertex 73 315 -1.5
      vertex 73 315 -5
      vertex 73 315.975 -4.90393
    endloop
  endfacet
  facet normal 1 0 0
    outer loop
      vertex 73 314.707 -1.47118
      vertex 73 315 -5
      vertex 73 315 -1.5
    endloop
  endfacet
  facet normal 1 0 0
    outer loop
      vertex 73 314.025 -4.90393
      vertex 73 314.707 -1.47118
      vertex 73 314.426 -1.38582
    endloop
  endfacet
  facet normal 1 0 0
    outer loop
      vertex 73 313.087 -4.6194
      vertex 73 314.426 -1.38582
      vertex 73 314.167 -1.2472
    endloop
  endfacet
  facet normal 1 0 0
    outer loop
      vertex 73 314.707 -1.47118
      vertex 73 314.025 -4.90393
      vertex 73 315 -5
    endloop
  endfacet
  facet normal 1 0 0
    outer loop
      vertex 73 312.222 -4.15735
      vertex 73 314.167 -1.2472
      vertex 73 313.939 -1.06066
    endloop
  endfacet
  facet normal 1 0 0
    outer loop
      vertex 73 311.464 -3.53553
      vertex 73 313.939 -1.06066
      vertex 73 313.753 -0.833355
    endloop
  endfacet
  facet normal 1 0 0
    outer loop
      vertex 73 310.843 -2.77785
      vertex 73 313.753 -0.833355
      vertex 73 313.614 -0.574024
    endloop
  endfacet
  facet normal 1 0 0
    outer loop
      vertex 73 310.381 -1.91342
      vertex 73 313.614 -0.574024
      vertex 73 313.529 -0.292635
    endloop
  endfacet
  facet normal 1 0 0
    outer loop
      vertex 73 314.426 -1.38582
      vertex 73 313.087 -4.6194
      vertex 73 314.025 -4.90393
    endloop
  endfacet
  facet normal 1 0 0
    outer loop
      vertex 73 310.096 -0.975451
      vertex 73 313.529 -0.292635
      vertex 73 313.5 0
    endloop
  endfacet
  facet normal 1 0 0
    outer loop
      vertex 73 314.167 -1.2472
      vertex 73 312.222 -4.15735
      vertex 73 313.087 -4.6194
    endloop
  endfacet
  facet normal 1 0 0
    outer loop
      vertex 73 313.939 -1.06066
      vertex 73 311.464 -3.53553
      vertex 73 312.222 -4.15735
    endloop
  endfacet
  facet normal 1 0 0
    outer loop
      vertex 73 313.753 -0.833355
      vertex 73 310.843 -2.77785
      vertex 73 311.464 -3.53553
    endloop
  endfacet
  facet normal 1 0 0
    outer loop
      vertex 73 313.614 -0.574024
      vertex 73 310.381 -1.91342
      vertex 73 310.843 -2.77785
    endloop
  endfacet
  facet normal 1 0 0
    outer loop
      vertex 73 313.529 -0.292635
      vertex 73 310.096 -0.975451
      vertex 73 310.381 -1.91342
    endloop
  endfacet
  facet normal 1 0 -0
    outer loop
      vertex 73 310.096 -0.975451
      vertex 73 313.5 0
      vertex 73 310 0
    endloop
  endfacet
  facet normal 0 0.881927 0.471386
    outer loop
      vertex 73 319.619 1.91342
      vertex 58 319.157 2.77785
      vertex 73 319.157 2.77785
    endloop
  endfacet
  facet normal 0 0.881927 0.471386
    outer loop
      vertex 58 319.157 2.77785
      vertex 73 319.619 1.91342
      vertex 58 319.619 1.91342
    endloop
  endfacet
  facet normal 0 0.995185 0.0980128
    outer loop
      vertex 73 320 3.33067e-15
      vertex 58 319.904 0.975451
      vertex 73 319.904 0.975451
    endloop
  endfacet
  facet normal -2.17098e-17 0.995185 0.0980128
    outer loop
      vertex 58 319.904 0.975451
      vertex 73 320 3.33067e-15
      vertex 58 320 0
    endloop
  endfacet
  facet normal 0 -0.995185 -0.0980128
    outer loop
      vertex 58 310.096 -0.975451
      vertex 73 310 0
      vertex 58 310 0
    endloop
  endfacet
  facet normal 0 -0.995185 -0.0980128
    outer loop
      vertex 73 310 0
      vertex 58 310.096 -0.975451
      vertex 73 310.096 -0.975451
    endloop
  endfacet
  facet normal 0 -0.881927 -0.471386
    outer loop
      vertex 58 310.843 -2.77785
      vertex 73 310.381 -1.91342
      vertex 58 310.381 -1.91342
    endloop
  endfacet
  facet normal 0 -0.881927 -0.471386
    outer loop
      vertex 73 310.381 -1.91342
      vertex 58 310.843 -2.77785
      vertex 73 310.843 -2.77785
    endloop
  endfacet
  facet normal 0 -0.471394 0.881923
    outer loop
      vertex 58 313.087 4.6194
      vertex 73 312.222 4.15735
      vertex 73 313.087 4.6194
    endloop
  endfacet
  facet normal 0 -0.471394 0.881923
    outer loop
      vertex 73 312.222 4.15735
      vertex 58 313.087 4.6194
      vertex 58 312.222 4.15735
    endloop
  endfacet
  facet normal 0 -0.0980164 0.995185
    outer loop
      vertex 58 315 5
      vertex 73 314.025 4.90393
      vertex 73 315 5
    endloop
  endfacet
  facet normal 0 -0.0980164 0.995185
    outer loop
      vertex 73 314.025 4.90393
      vertex 58 315 5
      vertex 58 314.025 4.90393
    endloop
  endfacet
  facet normal 0 -0.956935 -0.290301
    outer loop
      vertex 58 310.381 -1.91342
      vertex 73 310.096 -0.975451
      vertex 58 310.096 -0.975451
    endloop
  endfacet
  facet normal 0 -0.956935 -0.290301
    outer loop
      vertex 73 310.096 -0.975451
      vertex 58 310.381 -1.91342
      vertex 73 310.381 -1.91342
    endloop
  endfacet
  facet normal 0 -0.471394 -0.881923
    outer loop
      vertex 58 312.222 -4.15735
      vertex 73 313.087 -4.6194
      vertex 73 312.222 -4.15735
    endloop
  endfacet
  facet normal -0 -0.471394 -0.881923
    outer loop
      vertex 73 313.087 -4.6194
      vertex 58 312.222 -4.15735
      vertex 58 313.087 -4.6194
    endloop
  endfacet
  facet normal 0 -0.290287 -0.95694
    outer loop
      vertex 58 313.087 -4.6194
      vertex 73 314.025 -4.90393
      vertex 73 313.087 -4.6194
    endloop
  endfacet
  facet normal -0 -0.290287 -0.95694
    outer loop
      vertex 73 314.025 -4.90393
      vertex 58 313.087 -4.6194
      vertex 58 314.025 -4.90393
    endloop
  endfacet
  facet normal 0 -0.634399 0.773006
    outer loop
      vertex 58 312.222 4.15735
      vertex 73 311.5 3.5647
      vertex 73 312.222 4.15735
    endloop
  endfacet
  facet normal 0 -0.634399 0.773006
    outer loop
      vertex 73 311.5 3.5647
      vertex 58 312.222 4.15735
      vertex 58 311.5 3.5647
    endloop
  endfacet
  facet normal 0 -0.290287 0.95694
    outer loop
      vertex 58 314.025 4.90393
      vertex 73 313.087 4.6194
      vertex 73 314.025 4.90393
    endloop
  endfacet
  facet normal 0 -0.290287 0.95694
    outer loop
      vertex 73 313.087 4.6194
      vertex 58 314.025 4.90393
      vertex 58 313.087 4.6194
    endloop
  endfacet
  facet normal 0 -0.0980164 -0.995185
    outer loop
      vertex 58 314.025 -4.90393
      vertex 73 315 -5
      vertex 73 314.025 -4.90393
    endloop
  endfacet
  facet normal -0 -0.0980164 -0.995185
    outer loop
      vertex 73 315 -5
      vertex 58 314.025 -4.90393
      vertex 58 315 -5
    endloop
  endfacet
  facet normal 0 -0.881927 0.471385
    outer loop
      vertex 58 316.247 -0.833355
      vertex 73 316.386 -0.574024
      vertex 58 316.386 -0.574024
    endloop
  endfacet
  facet normal 0 -0.881927 0.471385
    outer loop
      vertex 73 316.386 -0.574024
      vertex 58 316.247 -0.833355
      vertex 73 316.247 -0.833355
    endloop
  endfacet
  facet normal -0 0.0980207 0.995184
    outer loop
      vertex 58 315 -1.5
      vertex 73 314.707 -1.47118
      vertex 73 315 -1.5
    endloop
  endfacet
  facet normal 0 0.0980207 0.995184
    outer loop
      vertex 73 314.707 -1.47118
      vertex 58 315 -1.5
      vertex 58 314.707 -1.47118
    endloop
  endfacet
  facet normal 0 -0.956912 -0.290377
    outer loop
      vertex 58 316.471 0.292635
      vertex 73 316.386 0.574024
      vertex 58 316.386 0.574024
    endloop
  endfacet
  facet normal 0 -0.956912 -0.290377
    outer loop
      vertex 73 316.386 0.574024
      vertex 58 316.471 0.292635
      vertex 73 316.471 0.292635
    endloop
  endfacet
  facet normal 0 -0.471428 -0.881905
    outer loop
      vertex 58 315.574 1.38582
      vertex 73 315.833 1.2472
      vertex 73 315.574 1.38582
    endloop
  endfacet
  facet normal -0 -0.471428 -0.881905
    outer loop
      vertex 73 315.833 1.2472
      vertex 58 315.574 1.38582
      vertex 58 315.833 1.2472
    endloop
  endfacet
  facet normal -0 0.634359 0.773038
    outer loop
      vertex 58 314.167 -1.2472
      vertex 73 313.939 -1.06066
      vertex 73 314.167 -1.2472
    endloop
  endfacet
  facet normal 0 0.634359 0.773038
    outer loop
      vertex 73 313.939 -1.06066
      vertex 58 314.167 -1.2472
      vertex 58 313.939 -1.06066
    endloop
  endfacet
  facet normal 0 -0.290272 0.956944
    outer loop
      vertex 58 315.574 -1.38582
      vertex 73 315.293 -1.47118
      vertex 73 315.574 -1.38582
    endloop
  endfacet
  facet normal 0 -0.290272 0.956944
    outer loop
      vertex 73 315.293 -1.47118
      vertex 58 315.574 -1.38582
      vertex 58 315.293 -1.47118
    endloop
  endfacet
  facet normal 0 -0.471428 0.881905
    outer loop
      vertex 58 315.833 -1.2472
      vertex 73 315.574 -1.38582
      vertex 73 315.833 -1.2472
    endloop
  endfacet
  facet normal 0 -0.471428 0.881905
    outer loop
      vertex 73 315.574 -1.38582
      vertex 58 315.833 -1.2472
      vertex 58 315.574 -1.38582
    endloop
  endfacet
  facet normal 0 -0.634359 0.773038
    outer loop
      vertex 58 316.061 -1.06066
      vertex 73 315.833 -1.2472
      vertex 73 316.061 -1.06066
    endloop
  endfacet
  facet normal 0 -0.634359 0.773038
    outer loop
      vertex 73 315.833 -1.2472
      vertex 58 316.061 -1.06066
      vertex 58 315.833 -1.2472
    endloop
  endfacet
  facet normal 0 -0.773045 0.634352
    outer loop
      vertex 58 316.061 -1.06066
      vertex 73 316.247 -0.833355
      vertex 58 316.247 -0.833355
    endloop
  endfacet
  facet normal 0 -0.773045 0.634352
    outer loop
      vertex 73 316.247 -0.833355
      vertex 58 316.061 -1.06066
      vertex 73 316.061 -1.06066
    endloop
  endfacet
  facet normal -2.16312e-17 -0.995189 0.0979719
    outer loop
      vertex 58 316.471 -0.292635
      vertex 73 316.5 3.33067e-15
      vertex 58 316.5 0
    endloop
  endfacet
  facet normal 0 -0.995189 0.0979719
    outer loop
      vertex 73 316.5 3.33067e-15
      vertex 58 316.471 -0.292635
      vertex 73 316.471 -0.292635
    endloop
  endfacet
  facet normal 0 -0.0980207 -0.995184
    outer loop
      vertex 58 315 1.5
      vertex 73 315.293 1.47118
      vertex 73 315 1.5
    endloop
  endfacet
  facet normal -0 -0.0980207 -0.995184
    outer loop
      vertex 73 315.293 1.47118
      vertex 58 315 1.5
      vertex 58 315.293 1.47118
    endloop
  endfacet
  facet normal 0 -0.634359 -0.773038
    outer loop
      vertex 58 315.833 1.2472
      vertex 73 316.061 1.06066
      vertex 73 315.833 1.2472
    endloop
  endfacet
  facet normal -0 -0.634359 -0.773038
    outer loop
      vertex 73 316.061 1.06066
      vertex 58 315.833 1.2472
      vertex 58 316.061 1.06066
    endloop
  endfacet
  facet normal 0 -0.881927 -0.471385
    outer loop
      vertex 58 316.386 0.574024
      vertex 73 316.247 0.833355
      vertex 58 316.247 0.833355
    endloop
  endfacet
  facet normal 0 -0.881927 -0.471385
    outer loop
      vertex 73 316.247 0.833355
      vertex 58 316.386 0.574024
      vertex 73 316.386 0.574024
    endloop
  endfacet
  facet normal 0 -0.995189 -0.0979719
    outer loop
      vertex 58 316.471 0.292635
      vertex 73 316.5 3.33067e-15
      vertex 73 316.471 0.292635
    endloop
  endfacet
  facet normal 2.17541e-17 -0.995189 -0.0979719
    outer loop
      vertex 73 316.5 3.33067e-15
      vertex 58 316.471 0.292635
      vertex 58 316.5 0
    endloop
  endfacet
  facet normal 0 -0.773045 -0.634352
    outer loop
      vertex 58 316.247 0.833355
      vertex 73 316.061 1.06066
      vertex 58 316.061 1.06066
    endloop
  endfacet
  facet normal 0 -0.773045 -0.634352
    outer loop
      vertex 73 316.061 1.06066
      vertex 58 316.247 0.833355
      vertex 73 316.247 0.833355
    endloop
  endfacet
  facet normal 0 -0.0980207 0.995184
    outer loop
      vertex 58 315.293 -1.47118
      vertex 73 315 -1.5
      vertex 73 315.293 -1.47118
    endloop
  endfacet
  facet normal 0 -0.0980207 0.995184
    outer loop
      vertex 73 315 -1.5
      vertex 58 315.293 -1.47118
      vertex 58 315 -1.5
    endloop
  endfacet
  facet normal -0 0.471428 0.881905
    outer loop
      vertex 58 314.426 -1.38582
      vertex 73 314.167 -1.2472
      vertex 73 314.426 -1.38582
    endloop
  endfacet
  facet normal 0 0.471428 0.881905
    outer loop
      vertex 73 314.167 -1.2472
      vertex 58 314.426 -1.38582
      vertex 58 314.167 -1.2472
    endloop
  endfacet
  facet normal -0 0.290272 0.956944
    outer loop
      vertex 58 314.707 -1.47118
      vertex 73 314.426 -1.38582
      vertex 73 314.707 -1.47118
    endloop
  endfacet
  facet normal 0 0.290272 0.956944
    outer loop
      vertex 73 314.426 -1.38582
      vertex 58 314.707 -1.47118
      vertex 58 314.426 -1.38582
    endloop
  endfacet
  facet normal 0 0.881927 0.471385
    outer loop
      vertex 73 313.753 -0.833355
      vertex 58 313.614 -0.574024
      vertex 73 313.614 -0.574024
    endloop
  endfacet
  facet normal 0 0.881927 0.471385
    outer loop
      vertex 58 313.614 -0.574024
      vertex 73 313.753 -0.833355
      vertex 58 313.753 -0.833355
    endloop
  endfacet
  facet normal 0 0.773045 0.634352
    outer loop
      vertex 73 313.939 -1.06066
      vertex 58 313.753 -0.833355
      vertex 73 313.753 -0.833355
    endloop
  endfacet
  facet normal 0 0.773045 0.634352
    outer loop
      vertex 58 313.753 -0.833355
      vertex 73 313.939 -1.06066
      vertex 58 313.939 -1.06066
    endloop
  endfacet
  facet normal 0 -0.956912 0.290377
    outer loop
      vertex 58 316.386 -0.574024
      vertex 73 316.471 -0.292635
      vertex 58 316.471 -0.292635
    endloop
  endfacet
  facet normal 0 -0.956912 0.290377
    outer loop
      vertex 73 316.471 -0.292635
      vertex 58 316.386 -0.574024
      vertex 73 316.386 -0.574024
    endloop
  endfacet
  facet normal 0 -0.290272 -0.956944
    outer loop
      vertex 58 315.293 1.47118
      vertex 73 315.574 1.38582
      vertex 73 315.293 1.47118
    endloop
  endfacet
  facet normal -0 -0.290272 -0.956944
    outer loop
      vertex 73 315.574 1.38582
      vertex 58 315.293 1.47118
      vertex 58 315.574 1.38582
    endloop
  endfacet
  facet normal 0 0.995189 0.0979719
    outer loop
      vertex 73 313.529 -0.292635
      vertex 58 313.5 0
      vertex 73 313.5 0
    endloop
  endfacet
  facet normal 0 0.995189 0.0979719
    outer loop
      vertex 58 313.5 0
      vertex 73 313.529 -0.292635
      vertex 58 313.529 -0.292635
    endloop
  endfacet
  facet normal 0 0.956912 0.290377
    outer loop
      vertex 73 313.614 -0.574024
      vertex 58 313.529 -0.292635
      vertex 73 313.529 -0.292635
    endloop
  endfacet
  facet normal 0 0.956912 0.290377
    outer loop
      vertex 58 313.529 -0.292635
      vertex 73 313.614 -0.574024
      vertex 58 313.614 -0.574024
    endloop
  endfacet
  facet normal 0 0.0980164 -0.995185
    outer loop
      vertex 27 315 -5
      vertex 42 315.975 -4.90393
      vertex 42 315 -5
    endloop
  endfacet
  facet normal 0 0.0980164 -0.995185
    outer loop
      vertex 42 315.975 -4.90393
      vertex 27 315 -5
      vertex 27 315.975 -4.90393
    endloop
  endfacet
  facet normal -0 0.0980164 0.995185
    outer loop
      vertex 27 315.975 4.90393
      vertex 42 315 5
      vertex 42 315.975 4.90393
    endloop
  endfacet
  facet normal 0 0.0980164 0.995185
    outer loop
      vertex 42 315 5
      vertex 27 315.975 4.90393
      vertex 27 315 5
    endloop
  endfacet
  facet normal 2.17098e-17 0.995185 -0.0980128
    outer loop
      vertex 42 319.904 -0.975451
      vertex 27 320 0
      vertex 42 320 3.33067e-15
    endloop
  endfacet
  facet normal 0 0.995185 -0.0980128
    outer loop
      vertex 27 320 0
      vertex 42 319.904 -0.975451
      vertex 27 319.904 -0.975451
    endloop
  endfacet
  facet normal 0 0.634404 -0.773001
    outer loop
      vertex 27 317.778 -4.15735
      vertex 42 318.536 -3.53553
      vertex 42 317.778 -4.15735
    endloop
  endfacet
  facet normal 0 0.634404 -0.773001
    outer loop
      vertex 42 318.536 -3.53553
      vertex 27 317.778 -4.15735
      vertex 27 318.536 -3.53553
    endloop
  endfacet
  facet normal 0 0.773004 0.634401
    outer loop
      vertex 42 319.157 2.77785
      vertex 27 318.536 3.53553
      vertex 42 318.536 3.53553
    endloop
  endfacet
  facet normal 0 0.773004 0.634401
    outer loop
      vertex 27 318.536 3.53553
      vertex 42 319.157 2.77785
      vertex 27 319.157 2.77785
    endloop
  endfacet
  facet normal 0 0.956935 0.290301
    outer loop
      vertex 42 319.904 0.975451
      vertex 27 319.619 1.91342
      vertex 42 319.619 1.91342
    endloop
  endfacet
  facet normal 0 0.956935 0.290301
    outer loop
      vertex 27 319.619 1.91342
      vertex 42 319.904 0.975451
      vertex 27 319.904 0.975451
    endloop
  endfacet
  facet normal 0 -0.773004 -0.634401
    outer loop
      vertex 27 311.464 -3.53553
      vertex 42 310.843 -2.77785
      vertex 27 310.843 -2.77785
    endloop
  endfacet
  facet normal 0 -0.773004 -0.634401
    outer loop
      vertex 42 310.843 -2.77785
      vertex 27 311.464 -3.53553
      vertex 42 311.464 -3.53553
    endloop
  endfacet
  facet normal 0 -0.634404 -0.773001
    outer loop
      vertex 27 311.464 -3.53553
      vertex 42 312.222 -4.15735
      vertex 42 311.464 -3.53553
    endloop
  endfacet
  facet normal -0 -0.634404 -0.773001
    outer loop
      vertex 42 312.222 -4.15735
      vertex 27 311.464 -3.53553
      vertex 27 312.222 -4.15735
    endloop
  endfacet
  facet normal -1 0 0
    outer loop
      vertex 27 316.5 0
      vertex 27 320 0
      vertex 27 319.904 -0.975451
    endloop
  endfacet
  facet normal -1 0 0
    outer loop
      vertex 27 316.471 -0.292635
      vertex 27 319.904 -0.975451
      vertex 27 319.619 -1.91342
    endloop
  endfacet
  facet normal -1 0 0
    outer loop
      vertex 27 320 0
      vertex 27 316.5 0
      vertex 27 319.904 0.975451
    endloop
  endfacet
  facet normal -1 0 0
    outer loop
      vertex 27 316.386 -0.574024
      vertex 27 319.619 -1.91342
      vertex 27 319.157 -2.77785
    endloop
  endfacet
  facet normal -1 0 0
    outer loop
      vertex 27 316.471 0.292635
      vertex 27 319.904 0.975451
      vertex 27 316.5 0
    endloop
  endfacet
  facet normal -1 0 0
    outer loop
      vertex 27 316.247 -0.833355
      vertex 27 319.157 -2.77785
      vertex 27 318.536 -3.53553
    endloop
  endfacet
  facet normal -1 -0 0
    outer loop
      vertex 27 319.904 0.975451
      vertex 27 316.471 0.292635
      vertex 27 319.619 1.91342
    endloop
  endfacet
  facet normal -1 0 0
    outer loop
      vertex 27 316.061 -1.06066
      vertex 27 318.536 -3.53553
      vertex 27 317.778 -4.15735
    endloop
  endfacet
  facet normal -1 0 0
    outer loop
      vertex 27 316.386 0.574024
      vertex 27 319.619 1.91342
      vertex 27 316.471 0.292635
    endloop
  endfacet
  facet normal -1 0 0
    outer loop
      vertex 27 315.833 -1.2472
      vertex 27 317.778 -4.15735
      vertex 27 316.913 -4.6194
    endloop
  endfacet
  facet normal -1 -0 0
    outer loop
      vertex 27 319.619 1.91342
      vertex 27 316.386 0.574024
      vertex 27 319.157 2.77785
    endloop
  endfacet
  facet normal -1 0 0
    outer loop
      vertex 27 316.247 0.833355
      vertex 27 319.157 2.77785
      vertex 27 316.386 0.574024
    endloop
  endfacet
  facet normal -1 0 0
    outer loop
      vertex 27 319.904 -0.975451
      vertex 27 316.471 -0.292635
      vertex 27 316.5 0
    endloop
  endfacet
  facet normal -1 0 0
    outer loop
      vertex 27 319.619 -1.91342
      vertex 27 316.386 -0.574024
      vertex 27 316.471 -0.292635
    endloop
  endfacet
  facet normal -1 0 0
    outer loop
      vertex 27 319.157 -2.77785
      vertex 27 316.247 -0.833355
      vertex 27 316.386 -0.574024
    endloop
  endfacet
  facet normal -1 0 0
    outer loop
      vertex 27 318.536 -3.53553
      vertex 27 316.061 -1.06066
      vertex 27 316.247 -0.833355
    endloop
  endfacet
  facet normal -1 0 0
    outer loop
      vertex 27 315.574 -1.38582
      vertex 27 316.913 -4.6194
      vertex 27 315.975 -4.90393
    endloop
  endfacet
  facet normal -1 0 0
    outer loop
      vertex 27 317.778 -4.15735
      vertex 27 315.833 -1.2472
      vertex 27 316.061 -1.06066
    endloop
  endfacet
  facet normal -1 0 0
    outer loop
      vertex 27 316.913 -4.6194
      vertex 27 315.574 -1.38582
      vertex 27 315.833 -1.2472
    endloop
  endfacet
  facet normal -1 0 0
    outer loop
      vertex 27 315.975 -4.90393
      vertex 27 315.293 -1.47118
      vertex 27 315.574 -1.38582
    endloop
  endfacet
  facet normal -1 0 0
    outer loop
      vertex 27 315 -5
      vertex 27 315.293 -1.47118
      vertex 27 315.975 -4.90393
    endloop
  endfacet
  facet normal -1 0 0
    outer loop
      vertex 27 315 -5
      vertex 27 315 -1.5
      vertex 27 315.293 -1.47118
    endloop
  endfacet
  facet normal -1 0 0
    outer loop
      vertex 27 315 -5
      vertex 27 314.707 -1.47118
      vertex 27 315 -1.5
    endloop
  endfacet
  facet normal -1 0 0
    outer loop
      vertex 27 314.025 -4.90393
      vertex 27 314.707 -1.47118
      vertex 27 315 -5
    endloop
  endfacet
  facet normal -1 -0 0
    outer loop
      vertex 27 314.707 -1.47118
      vertex 27 314.025 -4.90393
      vertex 27 314.426 -1.38582
    endloop
  endfacet
  facet normal -1 0 0
    outer loop
      vertex 27 313.087 -4.6194
      vertex 27 314.426 -1.38582
      vertex 27 314.025 -4.90393
    endloop
  endfacet
  facet normal -1 -0 0
    outer loop
      vertex 27 314.426 -1.38582
      vertex 27 313.087 -4.6194
      vertex 27 314.167 -1.2472
    endloop
  endfacet
  facet normal -1 0 0
    outer loop
      vertex 27 312.222 -4.15735
      vertex 27 314.167 -1.2472
      vertex 27 313.087 -4.6194
    endloop
  endfacet
  facet normal -1 -0 0
    outer loop
      vertex 27 314.167 -1.2472
      vertex 27 312.222 -4.15735
      vertex 27 313.939 -1.06066
    endloop
  endfacet
  facet normal -1 0 0
    outer loop
      vertex 27 311.464 -3.53553
      vertex 27 313.939 -1.06066
      vertex 27 312.222 -4.15735
    endloop
  endfacet
  facet normal -1 -0 0
    outer loop
      vertex 27 313.939 -1.06066
      vertex 27 311.464 -3.53553
      vertex 27 313.753 -0.833355
    endloop
  endfacet
  facet normal -1 0 0
    outer loop
      vertex 27 310.843 -2.77785
      vertex 27 313.753 -0.833355
      vertex 27 311.464 -3.53553
    endloop
  endfacet
  facet normal -1 -0 0
    outer loop
      vertex 27 313.753 -0.833355
      vertex 27 310.843 -2.77785
      vertex 27 313.614 -0.574024
    endloop
  endfacet
  facet normal -1 0 0
    outer loop
      vertex 27 310.381 -1.91342
      vertex 27 313.614 -0.574024
      vertex 27 310.843 -2.77785
    endloop
  endfacet
  facet normal -1 -0 0
    outer loop
      vertex 27 313.614 -0.574024
      vertex 27 310.381 -1.91342
      vertex 27 313.529 -0.292635
    endloop
  endfacet
  facet normal -1 0 0
    outer loop
      vertex 27 310.096 -0.975451
      vertex 27 313.529 -0.292635
      vertex 27 310.381 -1.91342
    endloop
  endfacet
  facet normal -1 -0 0
    outer loop
      vertex 27 313.529 -0.292635
      vertex 27 310.096 -0.975451
      vertex 27 313.5 0
    endloop
  endfacet
  facet normal -1 -0 0
    outer loop
      vertex 27 313.5 0
      vertex 27 310.096 -0.975451
      vertex 27 310 0
    endloop
  endfacet
  facet normal -1 -0 0
    outer loop
      vertex 27 319.157 2.77785
      vertex 27 316.247 0.833355
      vertex 27 318.536 3.53553
    endloop
  endfacet
  facet normal -1 0 0
    outer loop
      vertex 27 316.061 1.06066
      vertex 27 318.536 3.53553
      vertex 27 316.247 0.833355
    endloop
  endfacet
  facet normal -1 -0 0
    outer loop
      vertex 27 318.536 3.53553
      vertex 27 316.061 1.06066
      vertex 27 317.778 4.15735
    endloop
  endfacet
  facet normal -1 0 0
    outer loop
      vertex 27 315.833 1.2472
      vertex 27 317.778 4.15735
      vertex 27 316.061 1.06066
    endloop
  endfacet
  facet normal -1 0 0
    outer loop
      vertex 27 315 3
      vertex 27 317.778 4.15735
      vertex 27 315.833 1.2472
    endloop
  endfacet
  facet normal -1 -0 0
    outer loop
      vertex 27 317.778 4.15735
      vertex 27 315 3
      vertex 27 316.913 4.6194
    endloop
  endfacet
  facet normal -1 0 0
    outer loop
      vertex 27 315 3
      vertex 27 315.833 1.2472
      vertex 27 315.574 1.38582
    endloop
  endfacet
  facet normal -1 0 0
    outer loop
      vertex 27 315 3
      vertex 27 315.574 1.38582
      vertex 27 315.293 1.47118
    endloop
  endfacet
  facet normal -1 0 0
    outer loop
      vertex 27 315 3
      vertex 27 315.293 1.47118
      vertex 27 315 1.5
    endloop
  endfacet
  facet normal -1 -0 0
    outer loop
      vertex 27 316.913 4.6194
      vertex 27 315 3
      vertex 27 315.975 4.90393
    endloop
  endfacet
  facet normal -1 0 0
    outer loop
      vertex 27 315 3
      vertex 27 315 5
      vertex 27 315.975 4.90393
    endloop
  endfacet
  facet normal -1 0 0
    outer loop
      vertex 27 315 3
      vertex 27 314.025 4.90393
      vertex 27 315 5
    endloop
  endfacet
  facet normal -1 0 0
    outer loop
      vertex 27 315 3
      vertex 27 313.087 4.6194
      vertex 27 314.025 4.90393
    endloop
  endfacet
  facet normal -1 0 0
    outer loop
      vertex 27 315 3
      vertex 27 312.222 4.15735
      vertex 27 313.087 4.6194
    endloop
  endfacet
  facet normal -1 0 0
    outer loop
      vertex 27 311.5 3
      vertex 27 312.222 4.15735
      vertex 27 315 3
    endloop
  endfacet
  facet normal -1 0 0
    outer loop
      vertex 27 312.222 4.15735
      vertex 27 311.5 3
      vertex 27 311.5 3.5647
    endloop
  endfacet
  facet normal 0 0.471394 -0.881923
    outer loop
      vertex 27 316.913 -4.6194
      vertex 42 317.778 -4.15735
      vertex 42 316.913 -4.6194
    endloop
  endfacet
  facet normal 0 0.471394 -0.881923
    outer loop
      vertex 42 317.778 -4.15735
      vertex 27 316.913 -4.6194
      vertex 27 317.778 -4.15735
    endloop
  endfacet
  facet normal 0 0.290287 -0.95694
    outer loop
      vertex 27 315.975 -4.90393
      vertex 42 316.913 -4.6194
      vertex 42 315.975 -4.90393
    endloop
  endfacet
  facet normal 0 0.290287 -0.95694
    outer loop
      vertex 42 316.913 -4.6194
      vertex 27 315.975 -4.90393
      vertex 27 316.913 -4.6194
    endloop
  endfacet
  facet normal 0 0.881927 -0.471386
    outer loop
      vertex 42 319.157 -2.77785
      vertex 27 319.619 -1.91342
      vertex 42 319.619 -1.91342
    endloop
  endfacet
  facet normal 0 0.881927 -0.471386
    outer loop
      vertex 27 319.619 -1.91342
      vertex 42 319.157 -2.77785
      vertex 27 319.157 -2.77785
    endloop
  endfacet
  facet normal 0 0.956935 -0.290301
    outer loop
      vertex 42 319.619 -1.91342
      vertex 27 319.904 -0.975451
      vertex 42 319.904 -0.975451
    endloop
  endfacet
  facet normal 0 0.956935 -0.290301
    outer loop
      vertex 27 319.904 -0.975451
      vertex 42 319.619 -1.91342
      vertex 27 319.619 -1.91342
    endloop
  endfacet
  facet normal 0 0.773004 -0.634401
    outer loop
      vertex 42 318.536 -3.53553
      vertex 27 319.157 -2.77785
      vertex 42 319.157 -2.77785
    endloop
  endfacet
  facet normal 0 0.773004 -0.634401
    outer loop
      vertex 27 319.157 -2.77785
      vertex 42 318.536 -3.53553
      vertex 27 318.536 -3.53553
    endloop
  endfacet
  facet normal -0 0.471394 0.881923
    outer loop
      vertex 27 317.778 4.15735
      vertex 42 316.913 4.6194
      vertex 42 317.778 4.15735
    endloop
  endfacet
  facet normal 0 0.471394 0.881923
    outer loop
      vertex 42 316.913 4.6194
      vertex 27 317.778 4.15735
      vertex 27 316.913 4.6194
    endloop
  endfacet
  facet normal -0 0.634404 0.773001
    outer loop
      vertex 27 318.536 3.53553
      vertex 42 317.778 4.15735
      vertex 42 318.536 3.53553
    endloop
  endfacet
  facet normal 0 0.634404 0.773001
    outer loop
      vertex 42 317.778 4.15735
      vertex 27 318.536 3.53553
      vertex 27 317.778 4.15735
    endloop
  endfacet
  facet normal -0 0.290287 0.95694
    outer loop
      vertex 27 316.913 4.6194
      vertex 42 315.975 4.90393
      vertex 42 316.913 4.6194
    endloop
  endfacet
  facet normal 0 0.290287 0.95694
    outer loop
      vertex 42 315.975 4.90393
      vertex 27 316.913 4.6194
      vertex 27 315.975 4.90393
    endloop
  endfacet
  facet normal 1 -0 0
    outer loop
      vertex 42 314.025 4.90393
      vertex 42 315 3
      vertex 42 315 5
    endloop
  endfacet
  facet normal 1 -0 0
    outer loop
      vertex 42 313.087 4.6194
      vertex 42 315 3
      vertex 42 314.025 4.90393
    endloop
  endfacet
  facet normal 1 -0 0
    outer loop
      vertex 42 312.222 4.15735
      vertex 42 315 3
      vertex 42 313.087 4.6194
    endloop
  endfacet
  facet normal 1 0 0
    outer loop
      vertex 42 311.5 3
      vertex 42 312.222 4.15735
      vertex 42 311.5 3.5647
    endloop
  endfacet
  facet normal 1 0 0
    outer loop
      vertex 42 312.222 4.15735
      vertex 42 311.5 3
      vertex 42 315 3
    endloop
  endfacet
  facet normal 1 0 0
    outer loop
      vertex 42 316.5 3.33067e-15
      vertex 42 320 3.33067e-15
      vertex 42 319.904 0.975451
    endloop
  endfacet
  facet normal 1 0 0
    outer loop
      vertex 42 316.471 0.292635
      vertex 42 319.904 0.975451
      vertex 42 319.619 1.91342
    endloop
  endfacet
  facet normal 1 0 0
    outer loop
      vertex 42 320 3.33067e-15
      vertex 42 316.5 3.33067e-15
      vertex 42 319.904 -0.975451
    endloop
  endfacet
  facet normal 1 0 0
    outer loop
      vertex 42 316.386 0.574024
      vertex 42 319.619 1.91342
      vertex 42 319.157 2.77785
    endloop
  endfacet
  facet normal 1 -0 0
    outer loop
      vertex 42 316.471 -0.292635
      vertex 42 319.904 -0.975451
      vertex 42 316.5 3.33067e-15
    endloop
  endfacet
  facet normal 1 0 0
    outer loop
      vertex 42 316.247 0.833355
      vertex 42 319.157 2.77785
      vertex 42 318.536 3.53553
    endloop
  endfacet
  facet normal 1 0 0
    outer loop
      vertex 42 319.904 -0.975451
      vertex 42 316.471 -0.292635
      vertex 42 319.619 -1.91342
    endloop
  endfacet
  facet normal 1 0 0
    outer loop
      vertex 42 316.061 1.06066
      vertex 42 318.536 3.53553
      vertex 42 317.778 4.15735
    endloop
  endfacet
  facet normal 1 -0 0
    outer loop
      vertex 42 316.386 -0.574024
      vertex 42 319.619 -1.91342
      vertex 42 316.471 -0.292635
    endloop
  endfacet
  facet normal 1 0 0
    outer loop
      vertex 42 315 3
      vertex 42 317.778 4.15735
      vertex 42 316.913 4.6194
    endloop
  endfacet
  facet normal 1 0 0
    outer loop
      vertex 42 319.619 -1.91342
      vertex 42 316.386 -0.574024
      vertex 42 319.157 -2.77785
    endloop
  endfacet
  facet normal 1 -0 0
    outer loop
      vertex 42 316.247 -0.833355
      vertex 42 319.157 -2.77785
      vertex 42 316.386 -0.574024
    endloop
  endfacet
  facet normal 1 0 0
    outer loop
      vertex 42 319.904 0.975451
      vertex 42 316.471 0.292635
      vertex 42 316.5 3.33067e-15
    endloop
  endfacet
  facet normal 1 0 0
    outer loop
      vertex 42 319.619 1.91342
      vertex 42 316.386 0.574024
      vertex 42 316.471 0.292635
    endloop
  endfacet
  facet normal 1 0 0
    outer loop
      vertex 42 319.157 2.77785
      vertex 42 316.247 0.833355
      vertex 42 316.386 0.574024
    endloop
  endfacet
  facet normal 1 0 0
    outer loop
      vertex 42 318.536 3.53553
      vertex 42 316.061 1.06066
      vertex 42 316.247 0.833355
    endloop
  endfacet
  facet normal 1 0 0
    outer loop
      vertex 42 315 3
      vertex 42 316.913 4.6194
      vertex 42 315.975 4.90393
    endloop
  endfacet
  facet normal 1 0 0
    outer loop
      vertex 42 317.778 4.15735
      vertex 42 315.833 1.2472
      vertex 42 316.061 1.06066
    endloop
  endfacet
  facet normal 1 0 0
    outer loop
      vertex 42 317.778 4.15735
      vertex 42 315 3
      vertex 42 315.833 1.2472
    endloop
  endfacet
  facet normal 1 0 0
    outer loop
      vertex 42 315.833 1.2472
      vertex 42 315 3
      vertex 42 315.574 1.38582
    endloop
  endfacet
  facet normal 1 0 0
    outer loop
      vertex 42 315 3
      vertex 42 315.975 4.90393
      vertex 42 315 5
    endloop
  endfacet
  facet normal 1 0 0
    outer loop
      vertex 42 315.574 1.38582
      vertex 42 315 3
      vertex 42 315.293 1.47118
    endloop
  endfacet
  facet normal 1 0 0
    outer loop
      vertex 42 315.293 1.47118
      vertex 42 315 3
      vertex 42 315 1.5
    endloop
  endfacet
  facet normal 1 0 0
    outer loop
      vertex 42 319.157 -2.77785
      vertex 42 316.247 -0.833355
      vertex 42 318.536 -3.53553
    endloop
  endfacet
  facet normal 1 -0 0
    outer loop
      vertex 42 316.061 -1.06066
      vertex 42 318.536 -3.53553
      vertex 42 316.247 -0.833355
    endloop
  endfacet
  facet normal 1 0 0
    outer loop
      vertex 42 318.536 -3.53553
      vertex 42 316.061 -1.06066
      vertex 42 317.778 -4.15735
    endloop
  endfacet
  facet normal 1 -0 0
    outer loop
      vertex 42 315.833 -1.2472
      vertex 42 317.778 -4.15735
      vertex 42 316.061 -1.06066
    endloop
  endfacet
  facet normal 1 0 0
    outer loop
      vertex 42 317.778 -4.15735
      vertex 42 315.833 -1.2472
      vertex 42 316.913 -4.6194
    endloop
  endfacet
  facet normal 1 -0 0
    outer loop
      vertex 42 315.574 -1.38582
      vertex 42 316.913 -4.6194
      vertex 42 315.833 -1.2472
    endloop
  endfacet
  facet normal 1 0 0
    outer loop
      vertex 42 316.913 -4.6194
      vertex 42 315.574 -1.38582
      vertex 42 315.975 -4.90393
    endloop
  endfacet
  facet normal 1 -0 0
    outer loop
      vertex 42 315.293 -1.47118
      vertex 42 315.975 -4.90393
      vertex 42 315.574 -1.38582
    endloop
  endfacet
  facet normal 1 -0 0
    outer loop
      vertex 42 315 -1.5
      vertex 42 315.975 -4.90393
      vertex 42 315.293 -1.47118
    endloop
  endfacet
  facet normal 1 0 0
    outer loop
      vertex 42 315 -1.5
      vertex 42 315 -5
      vertex 42 315.975 -4.90393
    endloop
  endfacet
  facet normal 1 0 0
    outer loop
      vertex 42 314.707 -1.47118
      vertex 42 315 -5
      vertex 42 315 -1.5
    endloop
  endfacet
  facet normal 1 0 0
    outer loop
      vertex 42 314.025 -4.90393
      vertex 42 314.707 -1.47118
      vertex 42 314.426 -1.38582
    endloop
  endfacet
  facet normal 1 0 0
    outer loop
      vertex 42 313.087 -4.6194
      vertex 42 314.426 -1.38582
      vertex 42 314.167 -1.2472
    endloop
  endfacet
  facet normal 1 0 0
    outer loop
      vertex 42 314.707 -1.47118
      vertex 42 314.025 -4.90393
      vertex 42 315 -5
    endloop
  endfacet
  facet normal 1 0 0
    outer loop
      vertex 42 312.222 -4.15735
      vertex 42 314.167 -1.2472
      vertex 42 313.939 -1.06066
    endloop
  endfacet
  facet normal 1 0 0
    outer loop
      vertex 42 311.464 -3.53553
      vertex 42 313.939 -1.06066
      vertex 42 313.753 -0.833355
    endloop
  endfacet
  facet normal 1 0 0
    outer loop
      vertex 42 310.843 -2.77785
      vertex 42 313.753 -0.833355
      vertex 42 313.614 -0.574024
    endloop
  endfacet
  facet normal 1 0 0
    outer loop
      vertex 42 310.381 -1.91342
      vertex 42 313.614 -0.574024
      vertex 42 313.529 -0.292635
    endloop
  endfacet
  facet normal 1 0 0
    outer loop
      vertex 42 314.426 -1.38582
      vertex 42 313.087 -4.6194
      vertex 42 314.025 -4.90393
    endloop
  endfacet
  facet normal 1 0 0
    outer loop
      vertex 42 310.096 -0.975451
      vertex 42 313.529 -0.292635
      vertex 42 313.5 0
    endloop
  endfacet
  facet normal 1 0 0
    outer loop
      vertex 42 314.167 -1.2472
      vertex 42 312.222 -4.15735
      vertex 42 313.087 -4.6194
    endloop
  endfacet
  facet normal 1 0 0
    outer loop
      vertex 42 313.939 -1.06066
      vertex 42 311.464 -3.53553
      vertex 42 312.222 -4.15735
    endloop
  endfacet
  facet normal 1 0 0
    outer loop
      vertex 42 313.753 -0.833355
      vertex 42 310.843 -2.77785
      vertex 42 311.464 -3.53553
    endloop
  endfacet
  facet normal 1 0 0
    outer loop
      vertex 42 313.614 -0.574024
      vertex 42 310.381 -1.91342
      vertex 42 310.843 -2.77785
    endloop
  endfacet
  facet normal 1 0 0
    outer loop
      vertex 42 313.529 -0.292635
      vertex 42 310.096 -0.975451
      vertex 42 310.381 -1.91342
    endloop
  endfacet
  facet normal 1 0 -0
    outer loop
      vertex 42 310.096 -0.975451
      vertex 42 313.5 0
      vertex 42 310 0
    endloop
  endfacet
  facet normal 0 0.881927 0.471386
    outer loop
      vertex 42 319.619 1.91342
      vertex 27 319.157 2.77785
      vertex 42 319.157 2.77785
    endloop
  endfacet
  facet normal 0 0.881927 0.471386
    outer loop
      vertex 27 319.157 2.77785
      vertex 42 319.619 1.91342
      vertex 27 319.619 1.91342
    endloop
  endfacet
  facet normal 0 0.995185 0.0980128
    outer loop
      vertex 42 320 3.33067e-15
      vertex 27 319.904 0.975451
      vertex 42 319.904 0.975451
    endloop
  endfacet
  facet normal -2.17098e-17 0.995185 0.0980128
    outer loop
      vertex 27 319.904 0.975451
      vertex 42 320 3.33067e-15
      vertex 27 320 0
    endloop
  endfacet
  facet normal 0 -0.995185 -0.0980128
    outer loop
      vertex 27 310.096 -0.975451
      vertex 42 310 0
      vertex 27 310 0
    endloop
  endfacet
  facet normal 0 -0.995185 -0.0980128
    outer loop
      vertex 42 310 0
      vertex 27 310.096 -0.975451
      vertex 42 310.096 -0.975451
    endloop
  endfacet
  facet normal 0 -0.881927 -0.471386
    outer loop
      vertex 27 310.843 -2.77785
      vertex 42 310.381 -1.91342
      vertex 27 310.381 -1.91342
    endloop
  endfacet
  facet normal 0 -0.881927 -0.471386
    outer loop
      vertex 42 310.381 -1.91342
      vertex 27 310.843 -2.77785
      vertex 42 310.843 -2.77785
    endloop
  endfacet
  facet normal 0 -0.471394 0.881923
    outer loop
      vertex 27 313.087 4.6194
      vertex 42 312.222 4.15735
      vertex 42 313.087 4.6194
    endloop
  endfacet
  facet normal 0 -0.471394 0.881923
    outer loop
      vertex 42 312.222 4.15735
      vertex 27 313.087 4.6194
      vertex 27 312.222 4.15735
    endloop
  endfacet
  facet normal 0 -0.0980164 0.995185
    outer loop
      vertex 27 315 5
      vertex 42 314.025 4.90393
      vertex 42 315 5
    endloop
  endfacet
  facet normal 0 -0.0980164 0.995185
    outer loop
      vertex 42 314.025 4.90393
      vertex 27 315 5
      vertex 27 314.025 4.90393
    endloop
  endfacet
  facet normal 0 -0.956935 -0.290301
    outer loop
      vertex 27 310.381 -1.91342
      vertex 42 310.096 -0.975451
      vertex 27 310.096 -0.975451
    endloop
  endfacet
  facet normal 0 -0.956935 -0.290301
    outer loop
      vertex 42 310.096 -0.975451
      vertex 27 310.381 -1.91342
      vertex 42 310.381 -1.91342
    endloop
  endfacet
  facet normal 0 -0.471394 -0.881923
    outer loop
      vertex 27 312.222 -4.15735
      vertex 42 313.087 -4.6194
      vertex 42 312.222 -4.15735
    endloop
  endfacet
  facet normal -0 -0.471394 -0.881923
    outer loop
      vertex 42 313.087 -4.6194
      vertex 27 312.222 -4.15735
      vertex 27 313.087 -4.6194
    endloop
  endfacet
  facet normal 0 -0.290287 -0.95694
    outer loop
      vertex 27 313.087 -4.6194
      vertex 42 314.025 -4.90393
      vertex 42 313.087 -4.6194
    endloop
  endfacet
  facet normal -0 -0.290287 -0.95694
    outer loop
      vertex 42 314.025 -4.90393
      vertex 27 313.087 -4.6194
      vertex 27 314.025 -4.90393
    endloop
  endfacet
  facet normal 0 -0.634399 0.773006
    outer loop
      vertex 27 312.222 4.15735
      vertex 42 311.5 3.5647
      vertex 42 312.222 4.15735
    endloop
  endfacet
  facet normal 0 -0.634399 0.773006
    outer loop
      vertex 42 311.5 3.5647
      vertex 27 312.222 4.15735
      vertex 27 311.5 3.5647
    endloop
  endfacet
  facet normal 0 -0.290287 0.95694
    outer loop
      vertex 27 314.025 4.90393
      vertex 42 313.087 4.6194
      vertex 42 314.025 4.90393
    endloop
  endfacet
  facet normal 0 -0.290287 0.95694
    outer loop
      vertex 42 313.087 4.6194
      vertex 27 314.025 4.90393
      vertex 27 313.087 4.6194
    endloop
  endfacet
  facet normal 0 -0.0980164 -0.995185
    outer loop
      vertex 27 314.025 -4.90393
      vertex 42 315 -5
      vertex 42 314.025 -4.90393
    endloop
  endfacet
  facet normal -0 -0.0980164 -0.995185
    outer loop
      vertex 42 315 -5
      vertex 27 314.025 -4.90393
      vertex 27 315 -5
    endloop
  endfacet
  facet normal 0 -0.881927 0.471385
    outer loop
      vertex 27 316.247 -0.833355
      vertex 42 316.386 -0.574024
      vertex 27 316.386 -0.574024
    endloop
  endfacet
  facet normal 0 -0.881927 0.471385
    outer loop
      vertex 42 316.386 -0.574024
      vertex 27 316.247 -0.833355
      vertex 42 316.247 -0.833355
    endloop
  endfacet
  facet normal -0 0.0980207 0.995184
    outer loop
      vertex 27 315 -1.5
      vertex 42 314.707 -1.47118
      vertex 42 315 -1.5
    endloop
  endfacet
  facet normal 0 0.0980207 0.995184
    outer loop
      vertex 42 314.707 -1.47118
      vertex 27 315 -1.5
      vertex 27 314.707 -1.47118
    endloop
  endfacet
  facet normal 0 -0.956912 -0.290377
    outer loop
      vertex 27 316.471 0.292635
      vertex 42 316.386 0.574024
      vertex 27 316.386 0.574024
    endloop
  endfacet
  facet normal 0 -0.956912 -0.290377
    outer loop
      vertex 42 316.386 0.574024
      vertex 27 316.471 0.292635
      vertex 42 316.471 0.292635
    endloop
  endfacet
  facet normal 0 -0.471428 -0.881905
    outer loop
      vertex 27 315.574 1.38582
      vertex 42 315.833 1.2472
      vertex 42 315.574 1.38582
    endloop
  endfacet
  facet normal -0 -0.471428 -0.881905
    outer loop
      vertex 42 315.833 1.2472
      vertex 27 315.574 1.38582
      vertex 27 315.833 1.2472
    endloop
  endfacet
  facet normal -0 0.634359 0.773038
    outer loop
      vertex 27 314.167 -1.2472
      vertex 42 313.939 -1.06066
      vertex 42 314.167 -1.2472
    endloop
  endfacet
  facet normal 0 0.634359 0.773038
    outer loop
      vertex 42 313.939 -1.06066
      vertex 27 314.167 -1.2472
      vertex 27 313.939 -1.06066
    endloop
  endfacet
  facet normal 0 -0.290272 0.956944
    outer loop
      vertex 27 315.574 -1.38582
      vertex 42 315.293 -1.47118
      vertex 42 315.574 -1.38582
    endloop
  endfacet
  facet normal 0 -0.290272 0.956944
    outer loop
      vertex 42 315.293 -1.47118
      vertex 27 315.574 -1.38582
      vertex 27 315.293 -1.47118
    endloop
  endfacet
  facet normal 0 -0.471428 0.881905
    outer loop
      vertex 27 315.833 -1.2472
      vertex 42 315.574 -1.38582
      vertex 42 315.833 -1.2472
    endloop
  endfacet
  facet normal 0 -0.471428 0.881905
    outer loop
      vertex 42 315.574 -1.38582
      vertex 27 315.833 -1.2472
      vertex 27 315.574 -1.38582
    endloop
  endfacet
  facet normal 0 -0.634359 0.773038
    outer loop
      vertex 27 316.061 -1.06066
      vertex 42 315.833 -1.2472
      vertex 42 316.061 -1.06066
    endloop
  endfacet
  facet normal 0 -0.634359 0.773038
    outer loop
      vertex 42 315.833 -1.2472
      vertex 27 316.061 -1.06066
      vertex 27 315.833 -1.2472
    endloop
  endfacet
  facet normal 0 -0.773045 0.634352
    outer loop
      vertex 27 316.061 -1.06066
      vertex 42 316.247 -0.833355
      vertex 27 316.247 -0.833355
    endloop
  endfacet
  facet normal 0 -0.773045 0.634352
    outer loop
      vertex 42 316.247 -0.833355
      vertex 27 316.061 -1.06066
      vertex 42 316.061 -1.06066
    endloop
  endfacet
  facet normal -2.16312e-17 -0.995189 0.0979719
    outer loop
      vertex 27 316.471 -0.292635
      vertex 42 316.5 3.33067e-15
      vertex 27 316.5 0
    endloop
  endfacet
  facet normal 0 -0.995189 0.0979719
    outer loop
      vertex 42 316.5 3.33067e-15
      vertex 27 316.471 -0.292635
      vertex 42 316.471 -0.292635
    endloop
  endfacet
  facet normal 0 -0.0980207 -0.995184
    outer loop
      vertex 27 315 1.5
      vertex 42 315.293 1.47118
      vertex 42 315 1.5
    endloop
  endfacet
  facet normal -0 -0.0980207 -0.995184
    outer loop
      vertex 42 315.293 1.47118
      vertex 27 315 1.5
      vertex 27 315.293 1.47118
    endloop
  endfacet
  facet normal 0 -0.634359 -0.773038
    outer loop
      vertex 27 315.833 1.2472
      vertex 42 316.061 1.06066
      vertex 42 315.833 1.2472
    endloop
  endfacet
  facet normal -0 -0.634359 -0.773038
    outer loop
      vertex 42 316.061 1.06066
      vertex 27 315.833 1.2472
      vertex 27 316.061 1.06066
    endloop
  endfacet
  facet normal 0 -0.881927 -0.471385
    outer loop
      vertex 27 316.386 0.574024
      vertex 42 316.247 0.833355
      vertex 27 316.247 0.833355
    endloop
  endfacet
  facet normal 0 -0.881927 -0.471385
    outer loop
      vertex 42 316.247 0.833355
      vertex 27 316.386 0.574024
      vertex 42 316.386 0.574024
    endloop
  endfacet
  facet normal 0 -0.995189 -0.0979719
    outer loop
      vertex 27 316.471 0.292635
      vertex 42 316.5 3.33067e-15
      vertex 42 316.471 0.292635
    endloop
  endfacet
  facet normal 2.17541e-17 -0.995189 -0.0979719
    outer loop
      vertex 42 316.5 3.33067e-15
      vertex 27 316.471 0.292635
      vertex 27 316.5 0
    endloop
  endfacet
  facet normal 0 -0.773045 -0.634352
    outer loop
      vertex 27 316.247 0.833355
      vertex 42 316.061 1.06066
      vertex 27 316.061 1.06066
    endloop
  endfacet
  facet normal 0 -0.773045 -0.634352
    outer loop
      vertex 42 316.061 1.06066
      vertex 27 316.247 0.833355
      vertex 42 316.247 0.833355
    endloop
  endfacet
  facet normal 0 -0.0980207 0.995184
    outer loop
      vertex 27 315.293 -1.47118
      vertex 42 315 -1.5
      vertex 42 315.293 -1.47118
    endloop
  endfacet
  facet normal 0 -0.0980207 0.995184
    outer loop
      vertex 42 315 -1.5
      vertex 27 315.293 -1.47118
      vertex 27 315 -1.5
    endloop
  endfacet
  facet normal -0 0.471428 0.881905
    outer loop
      vertex 27 314.426 -1.38582
      vertex 42 314.167 -1.2472
      vertex 42 314.426 -1.38582
    endloop
  endfacet
  facet normal 0 0.471428 0.881905
    outer loop
      vertex 42 314.167 -1.2472
      vertex 27 314.426 -1.38582
      vertex 27 314.167 -1.2472
    endloop
  endfacet
  facet normal -0 0.290272 0.956944
    outer loop
      vertex 27 314.707 -1.47118
      vertex 42 314.426 -1.38582
      vertex 42 314.707 -1.47118
    endloop
  endfacet
  facet normal 0 0.290272 0.956944
    outer loop
      vertex 42 314.426 -1.38582
      vertex 27 314.707 -1.47118
      vertex 27 314.426 -1.38582
    endloop
  endfacet
  facet normal 0 0.881927 0.471385
    outer loop
      vertex 42 313.753 -0.833355
      vertex 27 313.614 -0.574024
      vertex 42 313.614 -0.574024
    endloop
  endfacet
  facet normal 0 0.881927 0.471385
    outer loop
      vertex 27 313.614 -0.574024
      vertex 42 313.753 -0.833355
      vertex 27 313.753 -0.833355
    endloop
  endfacet
  facet normal 0 0.773045 0.634352
    outer loop
      vertex 42 313.939 -1.06066
      vertex 27 313.753 -0.833355
      vertex 42 313.753 -0.833355
    endloop
  endfacet
  facet normal 0 0.773045 0.634352
    outer loop
      vertex 27 313.753 -0.833355
      vertex 42 313.939 -1.06066
      vertex 27 313.939 -1.06066
    endloop
  endfacet
  facet normal 0 -0.956912 0.290377
    outer loop
      vertex 27 316.386 -0.574024
      vertex 42 316.471 -0.292635
      vertex 27 316.471 -0.292635
    endloop
  endfacet
  facet normal 0 -0.956912 0.290377
    outer loop
      vertex 42 316.471 -0.292635
      vertex 27 316.386 -0.574024
      vertex 42 316.386 -0.574024
    endloop
  endfacet
  facet normal 0 -0.290272 -0.956944
    outer loop
      vertex 27 315.293 1.47118
      vertex 42 315.574 1.38582
      vertex 42 315.293 1.47118
    endloop
  endfacet
  facet normal -0 -0.290272 -0.956944
    outer loop
      vertex 42 315.574 1.38582
      vertex 27 315.293 1.47118
      vertex 27 315.574 1.38582
    endloop
  endfacet
  facet normal 0 0.995189 0.0979719
    outer loop
      vertex 42 313.529 -0.292635
      vertex 27 313.5 0
      vertex 42 313.5 0
    endloop
  endfacet
  facet normal 0 0.995189 0.0979719
    outer loop
      vertex 27 313.5 0
      vertex 42 313.529 -0.292635
      vertex 27 313.529 -0.292635
    endloop
  endfacet
  facet normal 0 0.956912 0.290377
    outer loop
      vertex 42 313.614 -0.574024
      vertex 27 313.529 -0.292635
      vertex 42 313.529 -0.292635
    endloop
  endfacet
  facet normal 0 0.956912 0.290377
    outer loop
      vertex 27 313.529 -0.292635
      vertex 42 313.614 -0.574024
      vertex 27 313.614 -0.574024
    endloop
  endfacet
  facet normal 0 0.0980164 -0.995185
    outer loop
      vertex 158 315 -5
      vertex 173 315.975 -4.90393
      vertex 173 315 -5
    endloop
  endfacet
  facet normal 0 0.0980164 -0.995185
    outer loop
      vertex 173 315.975 -4.90393
      vertex 158 315 -5
      vertex 158 315.975 -4.90393
    endloop
  endfacet
  facet normal -0 0.0980164 0.995185
    outer loop
      vertex 158 315.975 4.90393
      vertex 173 315 5
      vertex 173 315.975 4.90393
    endloop
  endfacet
  facet normal 0 0.0980164 0.995185
    outer loop
      vertex 173 315 5
      vertex 158 315.975 4.90393
      vertex 158 315 5
    endloop
  endfacet
  facet normal 2.17098e-17 0.995185 -0.0980128
    outer loop
      vertex 173 319.904 -0.975451
      vertex 158 320 0
      vertex 173 320 3.33067e-15
    endloop
  endfacet
  facet normal 0 0.995185 -0.0980128
    outer loop
      vertex 158 320 0
      vertex 173 319.904 -0.975451
      vertex 158 319.904 -0.975451
    endloop
  endfacet
  facet normal 0 0.634404 -0.773001
    outer loop
      vertex 158 317.778 -4.15735
      vertex 173 318.536 -3.53553
      vertex 173 317.778 -4.15735
    endloop
  endfacet
  facet normal 0 0.634404 -0.773001
    outer loop
      vertex 173 318.536 -3.53553
      vertex 158 317.778 -4.15735
      vertex 158 318.536 -3.53553
    endloop
  endfacet
  facet normal 0 0.773004 0.634401
    outer loop
      vertex 173 319.157 2.77785
      vertex 158 318.536 3.53553
      vertex 173 318.536 3.53553
    endloop
  endfacet
  facet normal 0 0.773004 0.634401
    outer loop
      vertex 158 318.536 3.53553
      vertex 173 319.157 2.77785
      vertex 158 319.157 2.77785
    endloop
  endfacet
  facet normal 0 0.956935 0.290301
    outer loop
      vertex 173 319.904 0.975451
      vertex 158 319.619 1.91342
      vertex 173 319.619 1.91342
    endloop
  endfacet
  facet normal 0 0.956935 0.290301
    outer loop
      vertex 158 319.619 1.91342
      vertex 173 319.904 0.975451
      vertex 158 319.904 0.975451
    endloop
  endfacet
  facet normal 0 -0.773004 -0.634401
    outer loop
      vertex 158 311.464 -3.53553
      vertex 173 310.843 -2.77785
      vertex 158 310.843 -2.77785
    endloop
  endfacet
  facet normal 0 -0.773004 -0.634401
    outer loop
      vertex 173 310.843 -2.77785
      vertex 158 311.464 -3.53553
      vertex 173 311.464 -3.53553
    endloop
  endfacet
  facet normal 0 -0.634404 -0.773001
    outer loop
      vertex 158 311.464 -3.53553
      vertex 173 312.222 -4.15735
      vertex 173 311.464 -3.53553
    endloop
  endfacet
  facet normal -0 -0.634404 -0.773001
    outer loop
      vertex 173 312.222 -4.15735
      vertex 158 311.464 -3.53553
      vertex 158 312.222 -4.15735
    endloop
  endfacet
  facet normal -1 0 0
    outer loop
      vertex 158 316.5 0
      vertex 158 320 0
      vertex 158 319.904 -0.975451
    endloop
  endfacet
  facet normal -1 0 0
    outer loop
      vertex 158 316.471 -0.292635
      vertex 158 319.904 -0.975451
      vertex 158 319.619 -1.91342
    endloop
  endfacet
  facet normal -1 0 0
    outer loop
      vertex 158 320 0
      vertex 158 316.5 0
      vertex 158 319.904 0.975451
    endloop
  endfacet
  facet normal -1 0 0
    outer loop
      vertex 158 316.386 -0.574024
      vertex 158 319.619 -1.91342
      vertex 158 319.157 -2.77785
    endloop
  endfacet
  facet normal -1 0 0
    outer loop
      vertex 158 316.471 0.292635
      vertex 158 319.904 0.975451
      vertex 158 316.5 0
    endloop
  endfacet
  facet normal -1 0 0
    outer loop
      vertex 158 316.247 -0.833355
      vertex 158 319.157 -2.77785
      vertex 158 318.536 -3.53553
    endloop
  endfacet
  facet normal -1 -0 0
    outer loop
      vertex 158 319.904 0.975451
      vertex 158 316.471 0.292635
      vertex 158 319.619 1.91342
    endloop
  endfacet
  facet normal -1 0 0
    outer loop
      vertex 158 316.061 -1.06066
      vertex 158 318.536 -3.53553
      vertex 158 317.778 -4.15735
    endloop
  endfacet
  facet normal -1 0 0
    outer loop
      vertex 158 316.386 0.574024
      vertex 158 319.619 1.91342
      vertex 158 316.471 0.292635
    endloop
  endfacet
  facet normal -1 0 0
    outer loop
      vertex 158 315.833 -1.2472
      vertex 158 317.778 -4.15735
      vertex 158 316.913 -4.6194
    endloop
  endfacet
  facet normal -1 -0 0
    outer loop
      vertex 158 319.619 1.91342
      vertex 158 316.386 0.574024
      vertex 158 319.157 2.77785
    endloop
  endfacet
  facet normal -1 0 0
    outer loop
      vertex 158 316.247 0.833355
      vertex 158 319.157 2.77785
      vertex 158 316.386 0.574024
    endloop
  endfacet
  facet normal -1 0 0
    outer loop
      vertex 158 319.904 -0.975451
      vertex 158 316.471 -0.292635
      vertex 158 316.5 0
    endloop
  endfacet
  facet normal -1 0 0
    outer loop
      vertex 158 319.619 -1.91342
      vertex 158 316.386 -0.574024
      vertex 158 316.471 -0.292635
    endloop
  endfacet
  facet normal -1 0 0
    outer loop
      vertex 158 319.157 -2.77785
      vertex 158 316.247 -0.833355
      vertex 158 316.386 -0.574024
    endloop
  endfacet
  facet normal -1 0 0
    outer loop
      vertex 158 318.536 -3.53553
      vertex 158 316.061 -1.06066
      vertex 158 316.247 -0.833355
    endloop
  endfacet
  facet normal -1 0 0
    outer loop
      vertex 158 315.574 -1.38582
      vertex 158 316.913 -4.6194
      vertex 158 315.975 -4.90393
    endloop
  endfacet
  facet normal -1 0 0
    outer loop
      vertex 158 317.778 -4.15735
      vertex 158 315.833 -1.2472
      vertex 158 316.061 -1.06066
    endloop
  endfacet
  facet normal -1 0 0
    outer loop
      vertex 158 316.913 -4.6194
      vertex 158 315.574 -1.38582
      vertex 158 315.833 -1.2472
    endloop
  endfacet
  facet normal -1 0 0
    outer loop
      vertex 158 315.975 -4.90393
      vertex 158 315.293 -1.47118
      vertex 158 315.574 -1.38582
    endloop
  endfacet
  facet normal -1 0 0
    outer loop
      vertex 158 315 -5
      vertex 158 315.293 -1.47118
      vertex 158 315.975 -4.90393
    endloop
  endfacet
  facet normal -1 0 0
    outer loop
      vertex 158 315 -5
      vertex 158 315 -1.5
      vertex 158 315.293 -1.47118
    endloop
  endfacet
  facet normal -1 0 0
    outer loop
      vertex 158 315 -5
      vertex 158 314.707 -1.47118
      vertex 158 315 -1.5
    endloop
  endfacet
  facet normal -1 0 0
    outer loop
      vertex 158 314.025 -4.90393
      vertex 158 314.707 -1.47118
      vertex 158 315 -5
    endloop
  endfacet
  facet normal -1 -0 0
    outer loop
      vertex 158 314.707 -1.47118
      vertex 158 314.025 -4.90393
      vertex 158 314.426 -1.38582
    endloop
  endfacet
  facet normal -1 0 0
    outer loop
      vertex 158 313.087 -4.6194
      vertex 158 314.426 -1.38582
      vertex 158 314.025 -4.90393
    endloop
  endfacet
  facet normal -1 -0 0
    outer loop
      vertex 158 314.426 -1.38582
      vertex 158 313.087 -4.6194
      vertex 158 314.167 -1.2472
    endloop
  endfacet
  facet normal -1 0 0
    outer loop
      vertex 158 312.222 -4.15735
      vertex 158 314.167 -1.2472
      vertex 158 313.087 -4.6194
    endloop
  endfacet
  facet normal -1 -0 0
    outer loop
      vertex 158 314.167 -1.2472
      vertex 158 312.222 -4.15735
      vertex 158 313.939 -1.06066
    endloop
  endfacet
  facet normal -1 0 0
    outer loop
      vertex 158 311.464 -3.53553
      vertex 158 313.939 -1.06066
      vertex 158 312.222 -4.15735
    endloop
  endfacet
  facet normal -1 -0 0
    outer loop
      vertex 158 313.939 -1.06066
      vertex 158 311.464 -3.53553
      vertex 158 313.753 -0.833355
    endloop
  endfacet
  facet normal -1 0 0
    outer loop
      vertex 158 310.843 -2.77785
      vertex 158 313.753 -0.833355
      vertex 158 311.464 -3.53553
    endloop
  endfacet
  facet normal -1 -0 0
    outer loop
      vertex 158 313.753 -0.833355
      vertex 158 310.843 -2.77785
      vertex 158 313.614 -0.574024
    endloop
  endfacet
  facet normal -1 0 0
    outer loop
      vertex 158 310.381 -1.91342
      vertex 158 313.614 -0.574024
      vertex 158 310.843 -2.77785
    endloop
  endfacet
  facet normal -1 -0 0
    outer loop
      vertex 158 313.614 -0.574024
      vertex 158 310.381 -1.91342
      vertex 158 313.529 -0.292635
    endloop
  endfacet
  facet normal -1 0 0
    outer loop
      vertex 158 310.096 -0.975451
      vertex 158 313.529 -0.292635
      vertex 158 310.381 -1.91342
    endloop
  endfacet
  facet normal -1 -0 0
    outer loop
      vertex 158 313.529 -0.292635
      vertex 158 310.096 -0.975451
      vertex 158 313.5 0
    endloop
  endfacet
  facet normal -1 -0 0
    outer loop
      vertex 158 313.5 0
      vertex 158 310.096 -0.975451
      vertex 158 310 0
    endloop
  endfacet
  facet normal -1 -0 0
    outer loop
      vertex 158 319.157 2.77785
      vertex 158 316.247 0.833355
      vertex 158 318.536 3.53553
    endloop
  endfacet
  facet normal -1 0 0
    outer loop
      vertex 158 316.061 1.06066
      vertex 158 318.536 3.53553
      vertex 158 316.247 0.833355
    endloop
  endfacet
  facet normal -1 -0 0
    outer loop
      vertex 158 318.536 3.53553
      vertex 158 316.061 1.06066
      vertex 158 317.778 4.15735
    endloop
  endfacet
  facet normal -1 0 0
    outer loop
      vertex 158 315.833 1.2472
      vertex 158 317.778 4.15735
      vertex 158 316.061 1.06066
    endloop
  endfacet
  facet normal -1 0 0
    outer loop
      vertex 158 315 3
      vertex 158 317.778 4.15735
      vertex 158 315.833 1.2472
    endloop
  endfacet
  facet normal -1 -0 0
    outer loop
      vertex 158 317.778 4.15735
      vertex 158 315 3
      vertex 158 316.913 4.6194
    endloop
  endfacet
  facet normal -1 0 0
    outer loop
      vertex 158 315 3
      vertex 158 315.833 1.2472
      vertex 158 315.574 1.38582
    endloop
  endfacet
  facet normal -1 0 0
    outer loop
      vertex 158 315 3
      vertex 158 315.574 1.38582
      vertex 158 315.293 1.47118
    endloop
  endfacet
  facet normal -1 0 0
    outer loop
      vertex 158 315 3
      vertex 158 315.293 1.47118
      vertex 158 315 1.5
    endloop
  endfacet
  facet normal -1 -0 0
    outer loop
      vertex 158 316.913 4.6194
      vertex 158 315 3
      vertex 158 315.975 4.90393
    endloop
  endfacet
  facet normal -1 0 0
    outer loop
      vertex 158 315 3
      vertex 158 315 5
      vertex 158 315.975 4.90393
    endloop
  endfacet
  facet normal -1 0 0
    outer loop
      vertex 158 315 3
      vertex 158 314.025 4.90393
      vertex 158 315 5
    endloop
  endfacet
  facet normal -1 0 0
    outer loop
      vertex 158 315 3
      vertex 158 313.087 4.6194
      vertex 158 314.025 4.90393
    endloop
  endfacet
  facet normal -1 0 0
    outer loop
      vertex 158 315 3
      vertex 158 312.222 4.15735
      vertex 158 313.087 4.6194
    endloop
  endfacet
  facet normal -1 0 0
    outer loop
      vertex 158 311.5 3
      vertex 158 312.222 4.15735
      vertex 158 315 3
    endloop
  endfacet
  facet normal -1 0 0
    outer loop
      vertex 158 312.222 4.15735
      vertex 158 311.5 3
      vertex 158 311.5 3.5647
    endloop
  endfacet
  facet normal 0 0.471394 -0.881923
    outer loop
      vertex 158 316.913 -4.6194
      vertex 173 317.778 -4.15735
      vertex 173 316.913 -4.6194
    endloop
  endfacet
  facet normal 0 0.471394 -0.881923
    outer loop
      vertex 173 317.778 -4.15735
      vertex 158 316.913 -4.6194
      vertex 158 317.778 -4.15735
    endloop
  endfacet
  facet normal 0 0.290287 -0.95694
    outer loop
      vertex 158 315.975 -4.90393
      vertex 173 316.913 -4.6194
      vertex 173 315.975 -4.90393
    endloop
  endfacet
  facet normal 0 0.290287 -0.95694
    outer loop
      vertex 173 316.913 -4.6194
      vertex 158 315.975 -4.90393
      vertex 158 316.913 -4.6194
    endloop
  endfacet
  facet normal 0 0.881927 -0.471386
    outer loop
      vertex 173 319.157 -2.77785
      vertex 158 319.619 -1.91342
      vertex 173 319.619 -1.91342
    endloop
  endfacet
  facet normal 0 0.881927 -0.471386
    outer loop
      vertex 158 319.619 -1.91342
      vertex 173 319.157 -2.77785
      vertex 158 319.157 -2.77785
    endloop
  endfacet
  facet normal 0 0.956935 -0.290301
    outer loop
      vertex 173 319.619 -1.91342
      vertex 158 319.904 -0.975451
      vertex 173 319.904 -0.975451
    endloop
  endfacet
  facet normal 0 0.956935 -0.290301
    outer loop
      vertex 158 319.904 -0.975451
      vertex 173 319.619 -1.91342
      vertex 158 319.619 -1.91342
    endloop
  endfacet
  facet normal 0 0.773004 -0.634401
    outer loop
      vertex 173 318.536 -3.53553
      vertex 158 319.157 -2.77785
      vertex 173 319.157 -2.77785
    endloop
  endfacet
  facet normal 0 0.773004 -0.634401
    outer loop
      vertex 158 319.157 -2.77785
      vertex 173 318.536 -3.53553
      vertex 158 318.536 -3.53553
    endloop
  endfacet
  facet normal -0 0.471394 0.881923
    outer loop
      vertex 158 317.778 4.15735
      vertex 173 316.913 4.6194
      vertex 173 317.778 4.15735
    endloop
  endfacet
  facet normal 0 0.471394 0.881923
    outer loop
      vertex 173 316.913 4.6194
      vertex 158 317.778 4.15735
      vertex 158 316.913 4.6194
    endloop
  endfacet
  facet normal -0 0.634404 0.773001
    outer loop
      vertex 158 318.536 3.53553
      vertex 173 317.778 4.15735
      vertex 173 318.536 3.53553
    endloop
  endfacet
  facet normal 0 0.634404 0.773001
    outer loop
      vertex 173 317.778 4.15735
      vertex 158 318.536 3.53553
      vertex 158 317.778 4.15735
    endloop
  endfacet
  facet normal -0 0.290287 0.95694
    outer loop
      vertex 158 316.913 4.6194
      vertex 173 315.975 4.90393
      vertex 173 316.913 4.6194
    endloop
  endfacet
  facet normal 0 0.290287 0.95694
    outer loop
      vertex 173 315.975 4.90393
      vertex 158 316.913 4.6194
      vertex 158 315.975 4.90393
    endloop
  endfacet
  facet normal 1 -0 0
    outer loop
      vertex 173 314.025 4.90393
      vertex 173 315 3
      vertex 173 315 5
    endloop
  endfacet
  facet normal 1 -0 0
    outer loop
      vertex 173 313.087 4.6194
      vertex 173 315 3
      vertex 173 314.025 4.90393
    endloop
  endfacet
  facet normal 1 -0 0
    outer loop
      vertex 173 312.222 4.15735
      vertex 173 315 3
      vertex 173 313.087 4.6194
    endloop
  endfacet
  facet normal 1 0 0
    outer loop
      vertex 173 311.5 3
      vertex 173 312.222 4.15735
      vertex 173 311.5 3.5647
    endloop
  endfacet
  facet normal 1 0 0
    outer loop
      vertex 173 312.222 4.15735
      vertex 173 311.5 3
      vertex 173 315 3
    endloop
  endfacet
  facet normal 1 0 0
    outer loop
      vertex 173 316.5 3.33067e-15
      vertex 173 320 3.33067e-15
      vertex 173 319.904 0.975451
    endloop
  endfacet
  facet normal 1 0 0
    outer loop
      vertex 173 316.471 0.292635
      vertex 173 319.904 0.975451
      vertex 173 319.619 1.91342
    endloop
  endfacet
  facet normal 1 0 0
    outer loop
      vertex 173 320 3.33067e-15
      vertex 173 316.5 3.33067e-15
      vertex 173 319.904 -0.975451
    endloop
  endfacet
  facet normal 1 0 0
    outer loop
      vertex 173 316.386 0.574024
      vertex 173 319.619 1.91342
      vertex 173 319.157 2.77785
    endloop
  endfacet
  facet normal 1 -0 0
    outer loop
      vertex 173 316.471 -0.292635
      vertex 173 319.904 -0.975451
      vertex 173 316.5 3.33067e-15
    endloop
  endfacet
  facet normal 1 0 0
    outer loop
      vertex 173 316.247 0.833355
      vertex 173 319.157 2.77785
      vertex 173 318.536 3.53553
    endloop
  endfacet
  facet normal 1 0 0
    outer loop
      vertex 173 319.904 -0.975451
      vertex 173 316.471 -0.292635
      vertex 173 319.619 -1.91342
    endloop
  endfacet
  facet normal 1 0 0
    outer loop
      vertex 173 316.061 1.06066
      vertex 173 318.536 3.53553
      vertex 173 317.778 4.15735
    endloop
  endfacet
  facet normal 1 -0 0
    outer loop
      vertex 173 316.386 -0.574024
      vertex 173 319.619 -1.91342
      vertex 173 316.471 -0.292635
    endloop
  endfacet
  facet normal 1 0 0
    outer loop
      vertex 173 315 3
      vertex 173 317.778 4.15735
      vertex 173 316.913 4.6194
    endloop
  endfacet
  facet normal 1 0 0
    outer loop
      vertex 173 319.619 -1.91342
      vertex 173 316.386 -0.574024
      vertex 173 319.157 -2.77785
    endloop
  endfacet
  facet normal 1 -0 0
    outer loop
      vertex 173 316.247 -0.833355
      vertex 173 319.157 -2.77785
      vertex 173 316.386 -0.574024
    endloop
  endfacet
  facet normal 1 0 0
    outer loop
      vertex 173 319.904 0.975451
      vertex 173 316.471 0.292635
      vertex 173 316.5 3.33067e-15
    endloop
  endfacet
  facet normal 1 0 0
    outer loop
      vertex 173 319.619 1.91342
      vertex 173 316.386 0.574024
      vertex 173 316.471 0.292635
    endloop
  endfacet
  facet normal 1 0 0
    outer loop
      vertex 173 319.157 2.77785
      vertex 173 316.247 0.833355
      vertex 173 316.386 0.574024
    endloop
  endfacet
  facet normal 1 0 0
    outer loop
      vertex 173 318.536 3.53553
      vertex 173 316.061 1.06066
      vertex 173 316.247 0.833355
    endloop
  endfacet
  facet normal 1 0 0
    outer loop
      vertex 173 315 3
      vertex 173 316.913 4.6194
      vertex 173 315.975 4.90393
    endloop
  endfacet
  facet normal 1 0 0
    outer loop
      vertex 173 317.778 4.15735
      vertex 173 315.833 1.2472
      vertex 173 316.061 1.06066
    endloop
  endfacet
  facet normal 1 0 0
    outer loop
      vertex 173 317.778 4.15735
      vertex 173 315 3
      vertex 173 315.833 1.2472
    endloop
  endfacet
  facet normal 1 0 0
    outer loop
      vertex 173 315.833 1.2472
      vertex 173 315 3
      vertex 173 315.574 1.38582
    endloop
  endfacet
  facet normal 1 0 0
    outer loop
      vertex 173 315 3
      vertex 173 315.975 4.90393
      vertex 173 315 5
    endloop
  endfacet
  facet normal 1 0 0
    outer loop
      vertex 173 315.574 1.38582
      vertex 173 315 3
      vertex 173 315.293 1.47118
    endloop
  endfacet
  facet normal 1 0 0
    outer loop
      vertex 173 315.293 1.47118
      vertex 173 315 3
      vertex 173 315 1.5
    endloop
  endfacet
  facet normal 1 0 0
    outer loop
      vertex 173 319.157 -2.77785
      vertex 173 316.247 -0.833355
      vertex 173 318.536 -3.53553
    endloop
  endfacet
  facet normal 1 -0 0
    outer loop
      vertex 173 316.061 -1.06066
      vertex 173 318.536 -3.53553
      vertex 173 316.247 -0.833355
    endloop
  endfacet
  facet normal 1 0 0
    outer loop
      vertex 173 318.536 -3.53553
      vertex 173 316.061 -1.06066
      vertex 173 317.778 -4.15735
    endloop
  endfacet
  facet normal 1 -0 0
    outer loop
      vertex 173 315.833 -1.2472
      vertex 173 317.778 -4.15735
      vertex 173 316.061 -1.06066
    endloop
  endfacet
  facet normal 1 0 0
    outer loop
      vertex 173 317.778 -4.15735
      vertex 173 315.833 -1.2472
      vertex 173 316.913 -4.6194
    endloop
  endfacet
  facet normal 1 -0 0
    outer loop
      vertex 173 315.574 -1.38582
      vertex 173 316.913 -4.6194
      vertex 173 315.833 -1.2472
    endloop
  endfacet
  facet normal 1 0 0
    outer loop
      vertex 173 316.913 -4.6194
      vertex 173 315.574 -1.38582
      vertex 173 315.975 -4.90393
    endloop
  endfacet
  facet normal 1 -0 0
    outer loop
      vertex 173 315.293 -1.47118
      vertex 173 315.975 -4.90393
      vertex 173 315.574 -1.38582
    endloop
  endfacet
  facet normal 1 -0 0
    outer loop
      vertex 173 315 -1.5
      vertex 173 315.975 -4.90393
      vertex 173 315.293 -1.47118
    endloop
  endfacet
  facet normal 1 0 0
    outer loop
      vertex 173 315 -1.5
      vertex 173 315 -5
      vertex 173 315.975 -4.90393
    endloop
  endfacet
  facet normal 1 0 0
    outer loop
      vertex 173 314.707 -1.47118
      vertex 173 315 -5
      vertex 173 315 -1.5
    endloop
  endfacet
  facet normal 1 0 0
    outer loop
      vertex 173 314.025 -4.90393
      vertex 173 314.707 -1.47118
      vertex 173 314.426 -1.38582
    endloop
  endfacet
  facet normal 1 0 0
    outer loop
      vertex 173 313.087 -4.6194
      vertex 173 314.426 -1.38582
      vertex 173 314.167 -1.2472
    endloop
  endfacet
  facet normal 1 0 0
    outer loop
      vertex 173 314.707 -1.47118
      vertex 173 314.025 -4.90393
      vertex 173 315 -5
    endloop
  endfacet
  facet normal 1 0 0
    outer loop
      vertex 173 312.222 -4.15735
      vertex 173 314.167 -1.2472
      vertex 173 313.939 -1.06066
    endloop
  endfacet
  facet normal 1 0 0
    outer loop
      vertex 173 311.464 -3.53553
      vertex 173 313.939 -1.06066
      vertex 173 313.753 -0.833355
    endloop
  endfacet
  facet normal 1 0 0
    outer loop
      vertex 173 310.843 -2.77785
      vertex 173 313.753 -0.833355
      vertex 173 313.614 -0.574024
    endloop
  endfacet
  facet normal 1 0 0
    outer loop
      vertex 173 310.381 -1.91342
      vertex 173 313.614 -0.574024
      vertex 173 313.529 -0.292635
    endloop
  endfacet
  facet normal 1 0 0
    outer loop
      vertex 173 314.426 -1.38582
      vertex 173 313.087 -4.6194
      vertex 173 314.025 -4.90393
    endloop
  endfacet
  facet normal 1 0 0
    outer loop
      vertex 173 310.096 -0.975451
      vertex 173 313.529 -0.292635
      vertex 173 313.5 0
    endloop
  endfacet
  facet normal 1 0 0
    outer loop
      vertex 173 314.167 -1.2472
      vertex 173 312.222 -4.15735
      vertex 173 313.087 -4.6194
    endloop
  endfacet
  facet normal 1 0 0
    outer loop
      vertex 173 313.939 -1.06066
      vertex 173 311.464 -3.53553
      vertex 173 312.222 -4.15735
    endloop
  endfacet
  facet normal 1 0 0
    outer loop
      vertex 173 313.753 -0.833355
      vertex 173 310.843 -2.77785
      vertex 173 311.464 -3.53553
    endloop
  endfacet
  facet normal 1 0 0
    outer loop
      vertex 173 313.614 -0.574024
      vertex 173 310.381 -1.91342
      vertex 173 310.843 -2.77785
    endloop
  endfacet
  facet normal 1 0 0
    outer loop
      vertex 173 313.529 -0.292635
      vertex 173 310.096 -0.975451
      vertex 173 310.381 -1.91342
    endloop
  endfacet
  facet normal 1 0 -0
    outer loop
      vertex 173 310.096 -0.975451
      vertex 173 313.5 0
      vertex 173 310 0
    endloop
  endfacet
  facet normal 0 0.881927 0.471386
    outer loop
      vertex 173 319.619 1.91342
      vertex 158 319.157 2.77785
      vertex 173 319.157 2.77785
    endloop
  endfacet
  facet normal 0 0.881927 0.471386
    outer loop
      vertex 158 319.157 2.77785
      vertex 173 319.619 1.91342
      vertex 158 319.619 1.91342
    endloop
  endfacet
  facet normal 0 0.995185 0.0980128
    outer loop
      vertex 173 320 3.33067e-15
      vertex 158 319.904 0.975451
      vertex 173 319.904 0.975451
    endloop
  endfacet
  facet normal -2.17098e-17 0.995185 0.0980128
    outer loop
      vertex 158 319.904 0.975451
      vertex 173 320 3.33067e-15
      vertex 158 320 0
    endloop
  endfacet
  facet normal 0 -0.995185 -0.0980128
    outer loop
      vertex 158 310.096 -0.975451
      vertex 173 310 0
      vertex 158 310 0
    endloop
  endfacet
  facet normal 0 -0.995185 -0.0980128
    outer loop
      vertex 173 310 0
      vertex 158 310.096 -0.975451
      vertex 173 310.096 -0.975451
    endloop
  endfacet
  facet normal 0 -0.881927 -0.471386
    outer loop
      vertex 158 310.843 -2.77785
      vertex 173 310.381 -1.91342
      vertex 158 310.381 -1.91342
    endloop
  endfacet
  facet normal 0 -0.881927 -0.471386
    outer loop
      vertex 173 310.381 -1.91342
      vertex 158 310.843 -2.77785
      vertex 173 310.843 -2.77785
    endloop
  endfacet
  facet normal 0 -0.471394 0.881923
    outer loop
      vertex 158 313.087 4.6194
      vertex 173 312.222 4.15735
      vertex 173 313.087 4.6194
    endloop
  endfacet
  facet normal 0 -0.471394 0.881923
    outer loop
      vertex 173 312.222 4.15735
      vertex 158 313.087 4.6194
      vertex 158 312.222 4.15735
    endloop
  endfacet
  facet normal 0 -0.0980164 0.995185
    outer loop
      vertex 158 315 5
      vertex 173 314.025 4.90393
      vertex 173 315 5
    endloop
  endfacet
  facet normal 0 -0.0980164 0.995185
    outer loop
      vertex 173 314.025 4.90393
      vertex 158 315 5
      vertex 158 314.025 4.90393
    endloop
  endfacet
  facet normal 0 -0.956935 -0.290301
    outer loop
      vertex 158 310.381 -1.91342
      vertex 173 310.096 -0.975451
      vertex 158 310.096 -0.975451
    endloop
  endfacet
  facet normal 0 -0.956935 -0.290301
    outer loop
      vertex 173 310.096 -0.975451
      vertex 158 310.381 -1.91342
      vertex 173 310.381 -1.91342
    endloop
  endfacet
  facet normal 0 -0.471394 -0.881923
    outer loop
      vertex 158 312.222 -4.15735
      vertex 173 313.087 -4.6194
      vertex 173 312.222 -4.15735
    endloop
  endfacet
  facet normal -0 -0.471394 -0.881923
    outer loop
      vertex 173 313.087 -4.6194
      vertex 158 312.222 -4.15735
      vertex 158 313.087 -4.6194
    endloop
  endfacet
  facet normal 0 -0.290287 -0.95694
    outer loop
      vertex 158 313.087 -4.6194
      vertex 173 314.025 -4.90393
      vertex 173 313.087 -4.6194
    endloop
  endfacet
  facet normal -0 -0.290287 -0.95694
    outer loop
      vertex 173 314.025 -4.90393
      vertex 158 313.087 -4.6194
      vertex 158 314.025 -4.90393
    endloop
  endfacet
  facet normal 0 -0.634399 0.773006
    outer loop
      vertex 158 312.222 4.15735
      vertex 173 311.5 3.5647
      vertex 173 312.222 4.15735
    endloop
  endfacet
  facet normal 0 -0.634399 0.773006
    outer loop
      vertex 173 311.5 3.5647
      vertex 158 312.222 4.15735
      vertex 158 311.5 3.5647
    endloop
  endfacet
  facet normal 0 -0.290287 0.95694
    outer loop
      vertex 158 314.025 4.90393
      vertex 173 313.087 4.6194
      vertex 173 314.025 4.90393
    endloop
  endfacet
  facet normal 0 -0.290287 0.95694
    outer loop
      vertex 173 313.087 4.6194
      vertex 158 314.025 4.90393
      vertex 158 313.087 4.6194
    endloop
  endfacet
  facet normal 0 -0.0980164 -0.995185
    outer loop
      vertex 158 314.025 -4.90393
      vertex 173 315 -5
      vertex 173 314.025 -4.90393
    endloop
  endfacet
  facet normal -0 -0.0980164 -0.995185
    outer loop
      vertex 173 315 -5
      vertex 158 314.025 -4.90393
      vertex 158 315 -5
    endloop
  endfacet
  facet normal 0 -0.881927 0.471385
    outer loop
      vertex 158 316.247 -0.833355
      vertex 173 316.386 -0.574024
      vertex 158 316.386 -0.574024
    endloop
  endfacet
  facet normal 0 -0.881927 0.471385
    outer loop
      vertex 173 316.386 -0.574024
      vertex 158 316.247 -0.833355
      vertex 173 316.247 -0.833355
    endloop
  endfacet
  facet normal -0 0.0980207 0.995184
    outer loop
      vertex 158 315 -1.5
      vertex 173 314.707 -1.47118
      vertex 173 315 -1.5
    endloop
  endfacet
  facet normal 0 0.0980207 0.995184
    outer loop
      vertex 173 314.707 -1.47118
      vertex 158 315 -1.5
      vertex 158 314.707 -1.47118
    endloop
  endfacet
  facet normal 0 -0.956912 -0.290377
    outer loop
      vertex 158 316.471 0.292635
      vertex 173 316.386 0.574024
      vertex 158 316.386 0.574024
    endloop
  endfacet
  facet normal 0 -0.956912 -0.290377
    outer loop
      vertex 173 316.386 0.574024
      vertex 158 316.471 0.292635
      vertex 173 316.471 0.292635
    endloop
  endfacet
  facet normal 0 -0.471428 -0.881905
    outer loop
      vertex 158 315.574 1.38582
      vertex 173 315.833 1.2472
      vertex 173 315.574 1.38582
    endloop
  endfacet
  facet normal -0 -0.471428 -0.881905
    outer loop
      vertex 173 315.833 1.2472
      vertex 158 315.574 1.38582
      vertex 158 315.833 1.2472
    endloop
  endfacet
  facet normal -0 0.634359 0.773038
    outer loop
      vertex 158 314.167 -1.2472
      vertex 173 313.939 -1.06066
      vertex 173 314.167 -1.2472
    endloop
  endfacet
  facet normal 0 0.634359 0.773038
    outer loop
      vertex 173 313.939 -1.06066
      vertex 158 314.167 -1.2472
      vertex 158 313.939 -1.06066
    endloop
  endfacet
  facet normal 0 -0.290272 0.956944
    outer loop
      vertex 158 315.574 -1.38582
      vertex 173 315.293 -1.47118
      vertex 173 315.574 -1.38582
    endloop
  endfacet
  facet normal 0 -0.290272 0.956944
    outer loop
      vertex 173 315.293 -1.47118
      vertex 158 315.574 -1.38582
      vertex 158 315.293 -1.47118
    endloop
  endfacet
  facet normal 0 -0.471428 0.881905
    outer loop
      vertex 158 315.833 -1.2472
      vertex 173 315.574 -1.38582
      vertex 173 315.833 -1.2472
    endloop
  endfacet
  facet normal 0 -0.471428 0.881905
    outer loop
      vertex 173 315.574 -1.38582
      vertex 158 315.833 -1.2472
      vertex 158 315.574 -1.38582
    endloop
  endfacet
  facet normal 0 -0.634359 0.773038
    outer loop
      vertex 158 316.061 -1.06066
      vertex 173 315.833 -1.2472
      vertex 173 316.061 -1.06066
    endloop
  endfacet
  facet normal 0 -0.634359 0.773038
    outer loop
      vertex 173 315.833 -1.2472
      vertex 158 316.061 -1.06066
      vertex 158 315.833 -1.2472
    endloop
  endfacet
  facet normal 0 -0.773045 0.634352
    outer loop
      vertex 158 316.061 -1.06066
      vertex 173 316.247 -0.833355
      vertex 158 316.247 -0.833355
    endloop
  endfacet
  facet normal 0 -0.773045 0.634352
    outer loop
      vertex 173 316.247 -0.833355
      vertex 158 316.061 -1.06066
      vertex 173 316.061 -1.06066
    endloop
  endfacet
  facet normal -2.16312e-17 -0.995189 0.0979719
    outer loop
      vertex 158 316.471 -0.292635
      vertex 173 316.5 3.33067e-15
      vertex 158 316.5 0
    endloop
  endfacet
  facet normal 0 -0.995189 0.0979719
    outer loop
      vertex 173 316.5 3.33067e-15
      vertex 158 316.471 -0.292635
      vertex 173 316.471 -0.292635
    endloop
  endfacet
  facet normal 0 -0.0980207 -0.995184
    outer loop
      vertex 158 315 1.5
      vertex 173 315.293 1.47118
      vertex 173 315 1.5
    endloop
  endfacet
  facet normal -0 -0.0980207 -0.995184
    outer loop
      vertex 173 315.293 1.47118
      vertex 158 315 1.5
      vertex 158 315.293 1.47118
    endloop
  endfacet
  facet normal 0 -0.634359 -0.773038
    outer loop
      vertex 158 315.833 1.2472
      vertex 173 316.061 1.06066
      vertex 173 315.833 1.2472
    endloop
  endfacet
  facet normal -0 -0.634359 -0.773038
    outer loop
      vertex 173 316.061 1.06066
      vertex 158 315.833 1.2472
      vertex 158 316.061 1.06066
    endloop
  endfacet
  facet normal 0 -0.881927 -0.471385
    outer loop
      vertex 158 316.386 0.574024
      vertex 173 316.247 0.833355
      vertex 158 316.247 0.833355
    endloop
  endfacet
  facet normal 0 -0.881927 -0.471385
    outer loop
      vertex 173 316.247 0.833355
      vertex 158 316.386 0.574024
      vertex 173 316.386 0.574024
    endloop
  endfacet
  facet normal 0 -0.995189 -0.0979719
    outer loop
      vertex 158 316.471 0.292635
      vertex 173 316.5 3.33067e-15
      vertex 173 316.471 0.292635
    endloop
  endfacet
  facet normal 2.17541e-17 -0.995189 -0.0979719
    outer loop
      vertex 173 316.5 3.33067e-15
      vertex 158 316.471 0.292635
      vertex 158 316.5 0
    endloop
  endfacet
  facet normal 0 -0.773045 -0.634352
    outer loop
      vertex 158 316.247 0.833355
      vertex 173 316.061 1.06066
      vertex 158 316.061 1.06066
    endloop
  endfacet
  facet normal 0 -0.773045 -0.634352
    outer loop
      vertex 173 316.061 1.06066
      vertex 158 316.247 0.833355
      vertex 173 316.247 0.833355
    endloop
  endfacet
  facet normal 0 -0.0980207 0.995184
    outer loop
      vertex 158 315.293 -1.47118
      vertex 173 315 -1.5
      vertex 173 315.293 -1.47118
    endloop
  endfacet
  facet normal 0 -0.0980207 0.995184
    outer loop
      vertex 173 315 -1.5
      vertex 158 315.293 -1.47118
      vertex 158 315 -1.5
    endloop
  endfacet
  facet normal -0 0.471428 0.881905
    outer loop
      vertex 158 314.426 -1.38582
      vertex 173 314.167 -1.2472
      vertex 173 314.426 -1.38582
    endloop
  endfacet
  facet normal 0 0.471428 0.881905
    outer loop
      vertex 173 314.167 -1.2472
      vertex 158 314.426 -1.38582
      vertex 158 314.167 -1.2472
    endloop
  endfacet
  facet normal -0 0.290272 0.956944
    outer loop
      vertex 158 314.707 -1.47118
      vertex 173 314.426 -1.38582
      vertex 173 314.707 -1.47118
    endloop
  endfacet
  facet normal 0 0.290272 0.956944
    outer loop
      vertex 173 314.426 -1.38582
      vertex 158 314.707 -1.47118
      vertex 158 314.426 -1.38582
    endloop
  endfacet
  facet normal 0 0.881927 0.471385
    outer loop
      vertex 173 313.753 -0.833355
      vertex 158 313.614 -0.574024
      vertex 173 313.614 -0.574024
    endloop
  endfacet
  facet normal 0 0.881927 0.471385
    outer loop
      vertex 158 313.614 -0.574024
      vertex 173 313.753 -0.833355
      vertex 158 313.753 -0.833355
    endloop
  endfacet
  facet normal 0 0.773045 0.634352
    outer loop
      vertex 173 313.939 -1.06066
      vertex 158 313.753 -0.833355
      vertex 173 313.753 -0.833355
    endloop
  endfacet
  facet normal 0 0.773045 0.634352
    outer loop
      vertex 158 313.753 -0.833355
      vertex 173 313.939 -1.06066
      vertex 158 313.939 -1.06066
    endloop
  endfacet
  facet normal 0 -0.956912 0.290377
    outer loop
      vertex 158 316.386 -0.574024
      vertex 173 316.471 -0.292635
      vertex 158 316.471 -0.292635
    endloop
  endfacet
  facet normal 0 -0.956912 0.290377
    outer loop
      vertex 173 316.471 -0.292635
      vertex 158 316.386 -0.574024
      vertex 173 316.386 -0.574024
    endloop
  endfacet
  facet normal 0 -0.290272 -0.956944
    outer loop
      vertex 158 315.293 1.47118
      vertex 173 315.574 1.38582
      vertex 173 315.293 1.47118
    endloop
  endfacet
  facet normal -0 -0.290272 -0.956944
    outer loop
      vertex 173 315.574 1.38582
      vertex 158 315.293 1.47118
      vertex 158 315.574 1.38582
    endloop
  endfacet
  facet normal 0 0.995189 0.0979719
    outer loop
      vertex 173 313.529 -0.292635
      vertex 158 313.5 0
      vertex 173 313.5 0
    endloop
  endfacet
  facet normal 0 0.995189 0.0979719
    outer loop
      vertex 158 313.5 0
      vertex 173 313.529 -0.292635
      vertex 158 313.529 -0.292635
    endloop
  endfacet
  facet normal 0 0.956912 0.290377
    outer loop
      vertex 173 313.614 -0.574024
      vertex 158 313.529 -0.292635
      vertex 173 313.529 -0.292635
    endloop
  endfacet
  facet normal 0 0.956912 0.290377
    outer loop
      vertex 158 313.529 -0.292635
      vertex 173 313.614 -0.574024
      vertex 158 313.614 -0.574024
    endloop
  endfacet
  facet normal 0 0.0980164 -0.995185
    outer loop
      vertex 127 315 -5
      vertex 142 315.975 -4.90393
      vertex 142 315 -5
    endloop
  endfacet
  facet normal 0 0.0980164 -0.995185
    outer loop
      vertex 142 315.975 -4.90393
      vertex 127 315 -5
      vertex 127 315.975 -4.90393
    endloop
  endfacet
  facet normal -0 0.0980164 0.995185
    outer loop
      vertex 127 315.975 4.90393
      vertex 142 315 5
      vertex 142 315.975 4.90393
    endloop
  endfacet
  facet normal 0 0.0980164 0.995185
    outer loop
      vertex 142 315 5
      vertex 127 315.975 4.90393
      vertex 127 315 5
    endloop
  endfacet
  facet normal 2.17098e-17 0.995185 -0.0980128
    outer loop
      vertex 142 319.904 -0.975451
      vertex 127 320 0
      vertex 142 320 3.33067e-15
    endloop
  endfacet
  facet normal 0 0.995185 -0.0980128
    outer loop
      vertex 127 320 0
      vertex 142 319.904 -0.975451
      vertex 127 319.904 -0.975451
    endloop
  endfacet
  facet normal 0 0.634404 -0.773001
    outer loop
      vertex 127 317.778 -4.15735
      vertex 142 318.536 -3.53553
      vertex 142 317.778 -4.15735
    endloop
  endfacet
  facet normal 0 0.634404 -0.773001
    outer loop
      vertex 142 318.536 -3.53553
      vertex 127 317.778 -4.15735
      vertex 127 318.536 -3.53553
    endloop
  endfacet
  facet normal 0 0.773004 0.634401
    outer loop
      vertex 142 319.157 2.77785
      vertex 127 318.536 3.53553
      vertex 142 318.536 3.53553
    endloop
  endfacet
  facet normal 0 0.773004 0.634401
    outer loop
      vertex 127 318.536 3.53553
      vertex 142 319.157 2.77785
      vertex 127 319.157 2.77785
    endloop
  endfacet
  facet normal 0 0.956935 0.290301
    outer loop
      vertex 142 319.904 0.975451
      vertex 127 319.619 1.91342
      vertex 142 319.619 1.91342
    endloop
  endfacet
  facet normal 0 0.956935 0.290301
    outer loop
      vertex 127 319.619 1.91342
      vertex 142 319.904 0.975451
      vertex 127 319.904 0.975451
    endloop
  endfacet
  facet normal 0 -0.773004 -0.634401
    outer loop
      vertex 127 311.464 -3.53553
      vertex 142 310.843 -2.77785
      vertex 127 310.843 -2.77785
    endloop
  endfacet
  facet normal 0 -0.773004 -0.634401
    outer loop
      vertex 142 310.843 -2.77785
      vertex 127 311.464 -3.53553
      vertex 142 311.464 -3.53553
    endloop
  endfacet
  facet normal 0 -0.634404 -0.773001
    outer loop
      vertex 127 311.464 -3.53553
      vertex 142 312.222 -4.15735
      vertex 142 311.464 -3.53553
    endloop
  endfacet
  facet normal -0 -0.634404 -0.773001
    outer loop
      vertex 142 312.222 -4.15735
      vertex 127 311.464 -3.53553
      vertex 127 312.222 -4.15735
    endloop
  endfacet
  facet normal -1 0 0
    outer loop
      vertex 127 316.5 0
      vertex 127 320 0
      vertex 127 319.904 -0.975451
    endloop
  endfacet
  facet normal -1 0 0
    outer loop
      vertex 127 316.471 -0.292635
      vertex 127 319.904 -0.975451
      vertex 127 319.619 -1.91342
    endloop
  endfacet
  facet normal -1 0 0
    outer loop
      vertex 127 320 0
      vertex 127 316.5 0
      vertex 127 319.904 0.975451
    endloop
  endfacet
  facet normal -1 0 0
    outer loop
      vertex 127 316.386 -0.574024
      vertex 127 319.619 -1.91342
      vertex 127 319.157 -2.77785
    endloop
  endfacet
  facet normal -1 0 0
    outer loop
      vertex 127 316.471 0.292635
      vertex 127 319.904 0.975451
      vertex 127 316.5 0
    endloop
  endfacet
  facet normal -1 0 0
    outer loop
      vertex 127 316.247 -0.833355
      vertex 127 319.157 -2.77785
      vertex 127 318.536 -3.53553
    endloop
  endfacet
  facet normal -1 -0 0
    outer loop
      vertex 127 319.904 0.975451
      vertex 127 316.471 0.292635
      vertex 127 319.619 1.91342
    endloop
  endfacet
  facet normal -1 0 0
    outer loop
      vertex 127 316.061 -1.06066
      vertex 127 318.536 -3.53553
      vertex 127 317.778 -4.15735
    endloop
  endfacet
  facet normal -1 0 0
    outer loop
      vertex 127 316.386 0.574024
      vertex 127 319.619 1.91342
      vertex 127 316.471 0.292635
    endloop
  endfacet
  facet normal -1 0 0
    outer loop
      vertex 127 315.833 -1.2472
      vertex 127 317.778 -4.15735
      vertex 127 316.913 -4.6194
    endloop
  endfacet
  facet normal -1 -0 0
    outer loop
      vertex 127 319.619 1.91342
      vertex 127 316.386 0.574024
      vertex 127 319.157 2.77785
    endloop
  endfacet
  facet normal -1 0 0
    outer loop
      vertex 127 316.247 0.833355
      vertex 127 319.157 2.77785
      vertex 127 316.386 0.574024
    endloop
  endfacet
  facet normal -1 0 0
    outer loop
      vertex 127 319.904 -0.975451
      vertex 127 316.471 -0.292635
      vertex 127 316.5 0
    endloop
  endfacet
  facet normal -1 0 0
    outer loop
      vertex 127 319.619 -1.91342
      vertex 127 316.386 -0.574024
      vertex 127 316.471 -0.292635
    endloop
  endfacet
  facet normal -1 0 0
    outer loop
      vertex 127 319.157 -2.77785
      vertex 127 316.247 -0.833355
      vertex 127 316.386 -0.574024
    endloop
  endfacet
  facet normal -1 0 0
    outer loop
      vertex 127 318.536 -3.53553
      vertex 127 316.061 -1.06066
      vertex 127 316.247 -0.833355
    endloop
  endfacet
  facet normal -1 0 0
    outer loop
      vertex 127 315.574 -1.38582
      vertex 127 316.913 -4.6194
      vertex 127 315.975 -4.90393
    endloop
  endfacet
  facet normal -1 0 0
    outer loop
      vertex 127 317.778 -4.15735
      vertex 127 315.833 -1.2472
      vertex 127 316.061 -1.06066
    endloop
  endfacet
  facet normal -1 0 0
    outer loop
      vertex 127 316.913 -4.6194
      vertex 127 315.574 -1.38582
      vertex 127 315.833 -1.2472
    endloop
  endfacet
  facet normal -1 0 0
    outer loop
      vertex 127 315.975 -4.90393
      vertex 127 315.293 -1.47118
      vertex 127 315.574 -1.38582
    endloop
  endfacet
  facet normal -1 0 0
    outer loop
      vertex 127 315 -5
      vertex 127 315.293 -1.47118
      vertex 127 315.975 -4.90393
    endloop
  endfacet
  facet normal -1 0 0
    outer loop
      vertex 127 315 -5
      vertex 127 315 -1.5
      vertex 127 315.293 -1.47118
    endloop
  endfacet
  facet normal -1 0 0
    outer loop
      vertex 127 315 -5
      vertex 127 314.707 -1.47118
      vertex 127 315 -1.5
    endloop
  endfacet
  facet normal -1 0 0
    outer loop
      vertex 127 314.025 -4.90393
      vertex 127 314.707 -1.47118
      vertex 127 315 -5
    endloop
  endfacet
  facet normal -1 -0 0
    outer loop
      vertex 127 314.707 -1.47118
      vertex 127 314.025 -4.90393
      vertex 127 314.426 -1.38582
    endloop
  endfacet
  facet normal -1 0 0
    outer loop
      vertex 127 313.087 -4.6194
      vertex 127 314.426 -1.38582
      vertex 127 314.025 -4.90393
    endloop
  endfacet
  facet normal -1 -0 0
    outer loop
      vertex 127 314.426 -1.38582
      vertex 127 313.087 -4.6194
      vertex 127 314.167 -1.2472
    endloop
  endfacet
  facet normal -1 0 0
    outer loop
      vertex 127 312.222 -4.15735
      vertex 127 314.167 -1.2472
      vertex 127 313.087 -4.6194
    endloop
  endfacet
  facet normal -1 -0 0
    outer loop
      vertex 127 314.167 -1.2472
      vertex 127 312.222 -4.15735
      vertex 127 313.939 -1.06066
    endloop
  endfacet
  facet normal -1 0 0
    outer loop
      vertex 127 311.464 -3.53553
      vertex 127 313.939 -1.06066
      vertex 127 312.222 -4.15735
    endloop
  endfacet
  facet normal -1 -0 0
    outer loop
      vertex 127 313.939 -1.06066
      vertex 127 311.464 -3.53553
      vertex 127 313.753 -0.833355
    endloop
  endfacet
  facet normal -1 0 0
    outer loop
      vertex 127 310.843 -2.77785
      vertex 127 313.753 -0.833355
      vertex 127 311.464 -3.53553
    endloop
  endfacet
  facet normal -1 -0 0
    outer loop
      vertex 127 313.753 -0.833355
      vertex 127 310.843 -2.77785
      vertex 127 313.614 -0.574024
    endloop
  endfacet
  facet normal -1 0 0
    outer loop
      vertex 127 310.381 -1.91342
      vertex 127 313.614 -0.574024
      vertex 127 310.843 -2.77785
    endloop
  endfacet
  facet normal -1 -0 0
    outer loop
      vertex 127 313.614 -0.574024
      vertex 127 310.381 -1.91342
      vertex 127 313.529 -0.292635
    endloop
  endfacet
  facet normal -1 0 0
    outer loop
      vertex 127 310.096 -0.975451
      vertex 127 313.529 -0.292635
      vertex 127 310.381 -1.91342
    endloop
  endfacet
  facet normal -1 -0 0
    outer loop
      vertex 127 313.529 -0.292635
      vertex 127 310.096 -0.975451
      vertex 127 313.5 0
    endloop
  endfacet
  facet normal -1 -0 0
    outer loop
      vertex 127 313.5 0
      vertex 127 310.096 -0.975451
      vertex 127 310 0
    endloop
  endfacet
  facet normal -1 -0 0
    outer loop
      vertex 127 319.157 2.77785
      vertex 127 316.247 0.833355
      vertex 127 318.536 3.53553
    endloop
  endfacet
  facet normal -1 0 0
    outer loop
      vertex 127 316.061 1.06066
      vertex 127 318.536 3.53553
      vertex 127 316.247 0.833355
    endloop
  endfacet
  facet normal -1 -0 0
    outer loop
      vertex 127 318.536 3.53553
      vertex 127 316.061 1.06066
      vertex 127 317.778 4.15735
    endloop
  endfacet
  facet normal -1 0 0
    outer loop
      vertex 127 315.833 1.2472
      vertex 127 317.778 4.15735
      vertex 127 316.061 1.06066
    endloop
  endfacet
  facet normal -1 0 0
    outer loop
      vertex 127 315 3
      vertex 127 317.778 4.15735
      vertex 127 315.833 1.2472
    endloop
  endfacet
  facet normal -1 -0 0
    outer loop
      vertex 127 317.778 4.15735
      vertex 127 315 3
      vertex 127 316.913 4.6194
    endloop
  endfacet
  facet normal -1 0 0
    outer loop
      vertex 127 315 3
      vertex 127 315.833 1.2472
      vertex 127 315.574 1.38582
    endloop
  endfacet
  facet normal -1 0 0
    outer loop
      vertex 127 315 3
      vertex 127 315.574 1.38582
      vertex 127 315.293 1.47118
    endloop
  endfacet
  facet normal -1 0 0
    outer loop
      vertex 127 315 3
      vertex 127 315.293 1.47118
      vertex 127 315 1.5
    endloop
  endfacet
  facet normal -1 -0 0
    outer loop
      vertex 127 316.913 4.6194
      vertex 127 315 3
      vertex 127 315.975 4.90393
    endloop
  endfacet
  facet normal -1 0 0
    outer loop
      vertex 127 315 3
      vertex 127 315 5
      vertex 127 315.975 4.90393
    endloop
  endfacet
  facet normal -1 0 0
    outer loop
      vertex 127 315 3
      vertex 127 314.025 4.90393
      vertex 127 315 5
    endloop
  endfacet
  facet normal -1 0 0
    outer loop
      vertex 127 315 3
      vertex 127 313.087 4.6194
      vertex 127 314.025 4.90393
    endloop
  endfacet
  facet normal -1 0 0
    outer loop
      vertex 127 315 3
      vertex 127 312.222 4.15735
      vertex 127 313.087 4.6194
    endloop
  endfacet
  facet normal -1 0 0
    outer loop
      vertex 127 311.5 3
      vertex 127 312.222 4.15735
      vertex 127 315 3
    endloop
  endfacet
  facet normal -1 0 0
    outer loop
      vertex 127 312.222 4.15735
      vertex 127 311.5 3
      vertex 127 311.5 3.5647
    endloop
  endfacet
  facet normal 0 0.471394 -0.881923
    outer loop
      vertex 127 316.913 -4.6194
      vertex 142 317.778 -4.15735
      vertex 142 316.913 -4.6194
    endloop
  endfacet
  facet normal 0 0.471394 -0.881923
    outer loop
      vertex 142 317.778 -4.15735
      vertex 127 316.913 -4.6194
      vertex 127 317.778 -4.15735
    endloop
  endfacet
  facet normal 0 0.290287 -0.95694
    outer loop
      vertex 127 315.975 -4.90393
      vertex 142 316.913 -4.6194
      vertex 142 315.975 -4.90393
    endloop
  endfacet
  facet normal 0 0.290287 -0.95694
    outer loop
      vertex 142 316.913 -4.6194
      vertex 127 315.975 -4.90393
      vertex 127 316.913 -4.6194
    endloop
  endfacet
  facet normal 0 0.881927 -0.471386
    outer loop
      vertex 142 319.157 -2.77785
      vertex 127 319.619 -1.91342
      vertex 142 319.619 -1.91342
    endloop
  endfacet
  facet normal 0 0.881927 -0.471386
    outer loop
      vertex 127 319.619 -1.91342
      vertex 142 319.157 -2.77785
      vertex 127 319.157 -2.77785
    endloop
  endfacet
  facet normal 0 0.956935 -0.290301
    outer loop
      vertex 142 319.619 -1.91342
      vertex 127 319.904 -0.975451
      vertex 142 319.904 -0.975451
    endloop
  endfacet
  facet normal 0 0.956935 -0.290301
    outer loop
      vertex 127 319.904 -0.975451
      vertex 142 319.619 -1.91342
      vertex 127 319.619 -1.91342
    endloop
  endfacet
  facet normal 0 0.773004 -0.634401
    outer loop
      vertex 142 318.536 -3.53553
      vertex 127 319.157 -2.77785
      vertex 142 319.157 -2.77785
    endloop
  endfacet
  facet normal 0 0.773004 -0.634401
    outer loop
      vertex 127 319.157 -2.77785
      vertex 142 318.536 -3.53553
      vertex 127 318.536 -3.53553
    endloop
  endfacet
  facet normal -0 0.471394 0.881923
    outer loop
      vertex 127 317.778 4.15735
      vertex 142 316.913 4.6194
      vertex 142 317.778 4.15735
    endloop
  endfacet
  facet normal 0 0.471394 0.881923
    outer loop
      vertex 142 316.913 4.6194
      vertex 127 317.778 4.15735
      vertex 127 316.913 4.6194
    endloop
  endfacet
  facet normal -0 0.634404 0.773001
    outer loop
      vertex 127 318.536 3.53553
      vertex 142 317.778 4.15735
      vertex 142 318.536 3.53553
    endloop
  endfacet
  facet normal 0 0.634404 0.773001
    outer loop
      vertex 142 317.778 4.15735
      vertex 127 318.536 3.53553
      vertex 127 317.778 4.15735
    endloop
  endfacet
  facet normal -0 0.290287 0.95694
    outer loop
      vertex 127 316.913 4.6194
      vertex 142 315.975 4.90393
      vertex 142 316.913 4.6194
    endloop
  endfacet
  facet normal 0 0.290287 0.95694
    outer loop
      vertex 142 315.975 4.90393
      vertex 127 316.913 4.6194
      vertex 127 315.975 4.90393
    endloop
  endfacet
  facet normal 1 -0 0
    outer loop
      vertex 142 314.025 4.90393
      vertex 142 315 3
      vertex 142 315 5
    endloop
  endfacet
  facet normal 1 -0 0
    outer loop
      vertex 142 313.087 4.6194
      vertex 142 315 3
      vertex 142 314.025 4.90393
    endloop
  endfacet
  facet normal 1 -0 0
    outer loop
      vertex 142 312.222 4.15735
      vertex 142 315 3
      vertex 142 313.087 4.6194
    endloop
  endfacet
  facet normal 1 0 0
    outer loop
      vertex 142 311.5 3
      vertex 142 312.222 4.15735
      vertex 142 311.5 3.5647
    endloop
  endfacet
  facet normal 1 0 0
    outer loop
      vertex 142 312.222 4.15735
      vertex 142 311.5 3
      vertex 142 315 3
    endloop
  endfacet
  facet normal 1 0 0
    outer loop
      vertex 142 316.5 3.33067e-15
      vertex 142 320 3.33067e-15
      vertex 142 319.904 0.975451
    endloop
  endfacet
  facet normal 1 0 0
    outer loop
      vertex 142 316.471 0.292635
      vertex 142 319.904 0.975451
      vertex 142 319.619 1.91342
    endloop
  endfacet
  facet normal 1 0 0
    outer loop
      vertex 142 320 3.33067e-15
      vertex 142 316.5 3.33067e-15
      vertex 142 319.904 -0.975451
    endloop
  endfacet
  facet normal 1 0 0
    outer loop
      vertex 142 316.386 0.574024
      vertex 142 319.619 1.91342
      vertex 142 319.157 2.77785
    endloop
  endfacet
  facet normal 1 -0 0
    outer loop
      vertex 142 316.471 -0.292635
      vertex 142 319.904 -0.975451
      vertex 142 316.5 3.33067e-15
    endloop
  endfacet
  facet normal 1 0 0
    outer loop
      vertex 142 316.247 0.833355
      vertex 142 319.157 2.77785
      vertex 142 318.536 3.53553
    endloop
  endfacet
  facet normal 1 0 0
    outer loop
      vertex 142 319.904 -0.975451
      vertex 142 316.471 -0.292635
      vertex 142 319.619 -1.91342
    endloop
  endfacet
  facet normal 1 0 0
    outer loop
      vertex 142 316.061 1.06066
      vertex 142 318.536 3.53553
      vertex 142 317.778 4.15735
    endloop
  endfacet
  facet normal 1 -0 0
    outer loop
      vertex 142 316.386 -0.574024
      vertex 142 319.619 -1.91342
      vertex 142 316.471 -0.292635
    endloop
  endfacet
  facet normal 1 0 0
    outer loop
      vertex 142 315 3
      vertex 142 317.778 4.15735
      vertex 142 316.913 4.6194
    endloop
  endfacet
  facet normal 1 0 0
    outer loop
      vertex 142 319.619 -1.91342
      vertex 142 316.386 -0.574024
      vertex 142 319.157 -2.77785
    endloop
  endfacet
  facet normal 1 -0 0
    outer loop
      vertex 142 316.247 -0.833355
      vertex 142 319.157 -2.77785
      vertex 142 316.386 -0.574024
    endloop
  endfacet
  facet normal 1 0 0
    outer loop
      vertex 142 319.904 0.975451
      vertex 142 316.471 0.292635
      vertex 142 316.5 3.33067e-15
    endloop
  endfacet
  facet normal 1 0 0
    outer loop
      vertex 142 319.619 1.91342
      vertex 142 316.386 0.574024
      vertex 142 316.471 0.292635
    endloop
  endfacet
  facet normal 1 0 0
    outer loop
      vertex 142 319.157 2.77785
      vertex 142 316.247 0.833355
      vertex 142 316.386 0.574024
    endloop
  endfacet
  facet normal 1 0 0
    outer loop
      vertex 142 318.536 3.53553
      vertex 142 316.061 1.06066
      vertex 142 316.247 0.833355
    endloop
  endfacet
  facet normal 1 0 0
    outer loop
      vertex 142 315 3
      vertex 142 316.913 4.6194
      vertex 142 315.975 4.90393
    endloop
  endfacet
  facet normal 1 0 0
    outer loop
      vertex 142 317.778 4.15735
      vertex 142 315.833 1.2472
      vertex 142 316.061 1.06066
    endloop
  endfacet
  facet normal 1 0 0
    outer loop
      vertex 142 317.778 4.15735
      vertex 142 315 3
      vertex 142 315.833 1.2472
    endloop
  endfacet
  facet normal 1 0 0
    outer loop
      vertex 142 315.833 1.2472
      vertex 142 315 3
      vertex 142 315.574 1.38582
    endloop
  endfacet
  facet normal 1 0 0
    outer loop
      vertex 142 315 3
      vertex 142 315.975 4.90393
      vertex 142 315 5
    endloop
  endfacet
  facet normal 1 0 0
    outer loop
      vertex 142 315.574 1.38582
      vertex 142 315 3
      vertex 142 315.293 1.47118
    endloop
  endfacet
  facet normal 1 0 0
    outer loop
      vertex 142 315.293 1.47118
      vertex 142 315 3
      vertex 142 315 1.5
    endloop
  endfacet
  facet normal 1 0 0
    outer loop
      vertex 142 319.157 -2.77785
      vertex 142 316.247 -0.833355
      vertex 142 318.536 -3.53553
    endloop
  endfacet
  facet normal 1 -0 0
    outer loop
      vertex 142 316.061 -1.06066
      vertex 142 318.536 -3.53553
      vertex 142 316.247 -0.833355
    endloop
  endfacet
  facet normal 1 0 0
    outer loop
      vertex 142 318.536 -3.53553
      vertex 142 316.061 -1.06066
      vertex 142 317.778 -4.15735
    endloop
  endfacet
  facet normal 1 -0 0
    outer loop
      vertex 142 315.833 -1.2472
      vertex 142 317.778 -4.15735
      vertex 142 316.061 -1.06066
    endloop
  endfacet
  facet normal 1 0 0
    outer loop
      vertex 142 317.778 -4.15735
      vertex 142 315.833 -1.2472
      vertex 142 316.913 -4.6194
    endloop
  endfacet
  facet normal 1 -0 0
    outer loop
      vertex 142 315.574 -1.38582
      vertex 142 316.913 -4.6194
      vertex 142 315.833 -1.2472
    endloop
  endfacet
  facet normal 1 0 0
    outer loop
      vertex 142 316.913 -4.6194
      vertex 142 315.574 -1.38582
      vertex 142 315.975 -4.90393
    endloop
  endfacet
  facet normal 1 -0 0
    outer loop
      vertex 142 315.293 -1.47118
      vertex 142 315.975 -4.90393
      vertex 142 315.574 -1.38582
    endloop
  endfacet
  facet normal 1 -0 0
    outer loop
      vertex 142 315 -1.5
      vertex 142 315.975 -4.90393
      vertex 142 315.293 -1.47118
    endloop
  endfacet
  facet normal 1 0 0
    outer loop
      vertex 142 315 -1.5
      vertex 142 315 -5
      vertex 142 315.975 -4.90393
    endloop
  endfacet
  facet normal 1 0 0
    outer loop
      vertex 142 314.707 -1.47118
      vertex 142 315 -5
      vertex 142 315 -1.5
    endloop
  endfacet
  facet normal 1 0 0
    outer loop
      vertex 142 314.025 -4.90393
      vertex 142 314.707 -1.47118
      vertex 142 314.426 -1.38582
    endloop
  endfacet
  facet normal 1 0 0
    outer loop
      vertex 142 313.087 -4.6194
      vertex 142 314.426 -1.38582
      vertex 142 314.167 -1.2472
    endloop
  endfacet
  facet normal 1 0 0
    outer loop
      vertex 142 314.707 -1.47118
      vertex 142 314.025 -4.90393
      vertex 142 315 -5
    endloop
  endfacet
  facet normal 1 0 0
    outer loop
      vertex 142 312.222 -4.15735
      vertex 142 314.167 -1.2472
      vertex 142 313.939 -1.06066
    endloop
  endfacet
  facet normal 1 0 0
    outer loop
      vertex 142 311.464 -3.53553
      vertex 142 313.939 -1.06066
      vertex 142 313.753 -0.833355
    endloop
  endfacet
  facet normal 1 0 0
    outer loop
      vertex 142 310.843 -2.77785
      vertex 142 313.753 -0.833355
      vertex 142 313.614 -0.574024
    endloop
  endfacet
  facet normal 1 0 0
    outer loop
      vertex 142 310.381 -1.91342
      vertex 142 313.614 -0.574024
      vertex 142 313.529 -0.292635
    endloop
  endfacet
  facet normal 1 0 0
    outer loop
      vertex 142 314.426 -1.38582
      vertex 142 313.087 -4.6194
      vertex 142 314.025 -4.90393
    endloop
  endfacet
  facet normal 1 0 0
    outer loop
      vertex 142 310.096 -0.975451
      vertex 142 313.529 -0.292635
      vertex 142 313.5 0
    endloop
  endfacet
  facet normal 1 0 0
    outer loop
      vertex 142 314.167 -1.2472
      vertex 142 312.222 -4.15735
      vertex 142 313.087 -4.6194
    endloop
  endfacet
  facet normal 1 0 0
    outer loop
      vertex 142 313.939 -1.06066
      vertex 142 311.464 -3.53553
      vertex 142 312.222 -4.15735
    endloop
  endfacet
  facet normal 1 0 0
    outer loop
      vertex 142 313.753 -0.833355
      vertex 142 310.843 -2.77785
      vertex 142 311.464 -3.53553
    endloop
  endfacet
  facet normal 1 0 0
    outer loop
      vertex 142 313.614 -0.574024
      vertex 142 310.381 -1.91342
      vertex 142 310.843 -2.77785
    endloop
  endfacet
  facet normal 1 0 0
    outer loop
      vertex 142 313.529 -0.292635
      vertex 142 310.096 -0.975451
      vertex 142 310.381 -1.91342
    endloop
  endfacet
  facet normal 1 0 -0
    outer loop
      vertex 142 310.096 -0.975451
      vertex 142 313.5 0
      vertex 142 310 0
    endloop
  endfacet
  facet normal 0 0.881927 0.471386
    outer loop
      vertex 142 319.619 1.91342
      vertex 127 319.157 2.77785
      vertex 142 319.157 2.77785
    endloop
  endfacet
  facet normal 0 0.881927 0.471386
    outer loop
      vertex 127 319.157 2.77785
      vertex 142 319.619 1.91342
      vertex 127 319.619 1.91342
    endloop
  endfacet
  facet normal 0 0.995185 0.0980128
    outer loop
      vertex 142 320 3.33067e-15
      vertex 127 319.904 0.975451
      vertex 142 319.904 0.975451
    endloop
  endfacet
  facet normal -2.17098e-17 0.995185 0.0980128
    outer loop
      vertex 127 319.904 0.975451
      vertex 142 320 3.33067e-15
      vertex 127 320 0
    endloop
  endfacet
  facet normal 0 -0.995185 -0.0980128
    outer loop
      vertex 127 310.096 -0.975451
      vertex 142 310 0
      vertex 127 310 0
    endloop
  endfacet
  facet normal 0 -0.995185 -0.0980128
    outer loop
      vertex 142 310 0
      vertex 127 310.096 -0.975451
      vertex 142 310.096 -0.975451
    endloop
  endfacet
  facet normal 0 -0.881927 -0.471386
    outer loop
      vertex 127 310.843 -2.77785
      vertex 142 310.381 -1.91342
      vertex 127 310.381 -1.91342
    endloop
  endfacet
  facet normal 0 -0.881927 -0.471386
    outer loop
      vertex 142 310.381 -1.91342
      vertex 127 310.843 -2.77785
      vertex 142 310.843 -2.77785
    endloop
  endfacet
  facet normal 0 -0.471394 0.881923
    outer loop
      vertex 127 313.087 4.6194
      vertex 142 312.222 4.15735
      vertex 142 313.087 4.6194
    endloop
  endfacet
  facet normal 0 -0.471394 0.881923
    outer loop
      vertex 142 312.222 4.15735
      vertex 127 313.087 4.6194
      vertex 127 312.222 4.15735
    endloop
  endfacet
  facet normal 0 -0.0980164 0.995185
    outer loop
      vertex 127 315 5
      vertex 142 314.025 4.90393
      vertex 142 315 5
    endloop
  endfacet
  facet normal 0 -0.0980164 0.995185
    outer loop
      vertex 142 314.025 4.90393
      vertex 127 315 5
      vertex 127 314.025 4.90393
    endloop
  endfacet
  facet normal 0 -0.956935 -0.290301
    outer loop
      vertex 127 310.381 -1.91342
      vertex 142 310.096 -0.975451
      vertex 127 310.096 -0.975451
    endloop
  endfacet
  facet normal 0 -0.956935 -0.290301
    outer loop
      vertex 142 310.096 -0.975451
      vertex 127 310.381 -1.91342
      vertex 142 310.381 -1.91342
    endloop
  endfacet
  facet normal 0 -0.471394 -0.881923
    outer loop
      vertex 127 312.222 -4.15735
      vertex 142 313.087 -4.6194
      vertex 142 312.222 -4.15735
    endloop
  endfacet
  facet normal -0 -0.471394 -0.881923
    outer loop
      vertex 142 313.087 -4.6194
      vertex 127 312.222 -4.15735
      vertex 127 313.087 -4.6194
    endloop
  endfacet
  facet normal 0 -0.290287 -0.95694
    outer loop
      vertex 127 313.087 -4.6194
      vertex 142 314.025 -4.90393
      vertex 142 313.087 -4.6194
    endloop
  endfacet
  facet normal -0 -0.290287 -0.95694
    outer loop
      vertex 142 314.025 -4.90393
      vertex 127 313.087 -4.6194
      vertex 127 314.025 -4.90393
    endloop
  endfacet
  facet normal 0 -0.634399 0.773006
    outer loop
      vertex 127 312.222 4.15735
      vertex 142 311.5 3.5647
      vertex 142 312.222 4.15735
    endloop
  endfacet
  facet normal 0 -0.634399 0.773006
    outer loop
      vertex 142 311.5 3.5647
      vertex 127 312.222 4.15735
      vertex 127 311.5 3.5647
    endloop
  endfacet
  facet normal 0 -0.290287 0.95694
    outer loop
      vertex 127 314.025 4.90393
      vertex 142 313.087 4.6194
      vertex 142 314.025 4.90393
    endloop
  endfacet
  facet normal 0 -0.290287 0.95694
    outer loop
      vertex 142 313.087 4.6194
      vertex 127 314.025 4.90393
      vertex 127 313.087 4.6194
    endloop
  endfacet
  facet normal 0 -0.0980164 -0.995185
    outer loop
      vertex 127 314.025 -4.90393
      vertex 142 315 -5
      vertex 142 314.025 -4.90393
    endloop
  endfacet
  facet normal -0 -0.0980164 -0.995185
    outer loop
      vertex 142 315 -5
      vertex 127 314.025 -4.90393
      vertex 127 315 -5
    endloop
  endfacet
  facet normal 0 -0.881927 0.471385
    outer loop
      vertex 127 316.247 -0.833355
      vertex 142 316.386 -0.574024
      vertex 127 316.386 -0.574024
    endloop
  endfacet
  facet normal 0 -0.881927 0.471385
    outer loop
      vertex 142 316.386 -0.574024
      vertex 127 316.247 -0.833355
      vertex 142 316.247 -0.833355
    endloop
  endfacet
  facet normal -0 0.0980207 0.995184
    outer loop
      vertex 127 315 -1.5
      vertex 142 314.707 -1.47118
      vertex 142 315 -1.5
    endloop
  endfacet
  facet normal 0 0.0980207 0.995184
    outer loop
      vertex 142 314.707 -1.47118
      vertex 127 315 -1.5
      vertex 127 314.707 -1.47118
    endloop
  endfacet
  facet normal 0 -0.956912 -0.290377
    outer loop
      vertex 127 316.471 0.292635
      vertex 142 316.386 0.574024
      vertex 127 316.386 0.574024
    endloop
  endfacet
  facet normal 0 -0.956912 -0.290377
    outer loop
      vertex 142 316.386 0.574024
      vertex 127 316.471 0.292635
      vertex 142 316.471 0.292635
    endloop
  endfacet
  facet normal 0 -0.471428 -0.881905
    outer loop
      vertex 127 315.574 1.38582
      vertex 142 315.833 1.2472
      vertex 142 315.574 1.38582
    endloop
  endfacet
  facet normal -0 -0.471428 -0.881905
    outer loop
      vertex 142 315.833 1.2472
      vertex 127 315.574 1.38582
      vertex 127 315.833 1.2472
    endloop
  endfacet
  facet normal -0 0.634359 0.773038
    outer loop
      vertex 127 314.167 -1.2472
      vertex 142 313.939 -1.06066
      vertex 142 314.167 -1.2472
    endloop
  endfacet
  facet normal 0 0.634359 0.773038
    outer loop
      vertex 142 313.939 -1.06066
      vertex 127 314.167 -1.2472
      vertex 127 313.939 -1.06066
    endloop
  endfacet
  facet normal 0 -0.290272 0.956944
    outer loop
      vertex 127 315.574 -1.38582
      vertex 142 315.293 -1.47118
      vertex 142 315.574 -1.38582
    endloop
  endfacet
  facet normal 0 -0.290272 0.956944
    outer loop
      vertex 142 315.293 -1.47118
      vertex 127 315.574 -1.38582
      vertex 127 315.293 -1.47118
    endloop
  endfacet
  facet normal 0 -0.471428 0.881905
    outer loop
      vertex 127 315.833 -1.2472
      vertex 142 315.574 -1.38582
      vertex 142 315.833 -1.2472
    endloop
  endfacet
  facet normal 0 -0.471428 0.881905
    outer loop
      vertex 142 315.574 -1.38582
      vertex 127 315.833 -1.2472
      vertex 127 315.574 -1.38582
    endloop
  endfacet
  facet normal 0 -0.634359 0.773038
    outer loop
      vertex 127 316.061 -1.06066
      vertex 142 315.833 -1.2472
      vertex 142 316.061 -1.06066
    endloop
  endfacet
  facet normal 0 -0.634359 0.773038
    outer loop
      vertex 142 315.833 -1.2472
      vertex 127 316.061 -1.06066
      vertex 127 315.833 -1.2472
    endloop
  endfacet
  facet normal 0 -0.773045 0.634352
    outer loop
      vertex 127 316.061 -1.06066
      vertex 142 316.247 -0.833355
      vertex 127 316.247 -0.833355
    endloop
  endfacet
  facet normal 0 -0.773045 0.634352
    outer loop
      vertex 142 316.247 -0.833355
      vertex 127 316.061 -1.06066
      vertex 142 316.061 -1.06066
    endloop
  endfacet
  facet normal -2.16312e-17 -0.995189 0.0979719
    outer loop
      vertex 127 316.471 -0.292635
      vertex 142 316.5 3.33067e-15
      vertex 127 316.5 0
    endloop
  endfacet
  facet normal 0 -0.995189 0.0979719
    outer loop
      vertex 142 316.5 3.33067e-15
      vertex 127 316.471 -0.292635
      vertex 142 316.471 -0.292635
    endloop
  endfacet
  facet normal 0 -0.0980207 -0.995184
    outer loop
      vertex 127 315 1.5
      vertex 142 315.293 1.47118
      vertex 142 315 1.5
    endloop
  endfacet
  facet normal -0 -0.0980207 -0.995184
    outer loop
      vertex 142 315.293 1.47118
      vertex 127 315 1.5
      vertex 127 315.293 1.47118
    endloop
  endfacet
  facet normal 0 -0.634359 -0.773038
    outer loop
      vertex 127 315.833 1.2472
      vertex 142 316.061 1.06066
      vertex 142 315.833 1.2472
    endloop
  endfacet
  facet normal -0 -0.634359 -0.773038
    outer loop
      vertex 142 316.061 1.06066
      vertex 127 315.833 1.2472
      vertex 127 316.061 1.06066
    endloop
  endfacet
  facet normal 0 -0.881927 -0.471385
    outer loop
      vertex 127 316.386 0.574024
      vertex 142 316.247 0.833355
      vertex 127 316.247 0.833355
    endloop
  endfacet
  facet normal 0 -0.881927 -0.471385
    outer loop
      vertex 142 316.247 0.833355
      vertex 127 316.386 0.574024
      vertex 142 316.386 0.574024
    endloop
  endfacet
  facet normal 0 -0.995189 -0.0979719
    outer loop
      vertex 127 316.471 0.292635
      vertex 142 316.5 3.33067e-15
      vertex 142 316.471 0.292635
    endloop
  endfacet
  facet normal 2.17541e-17 -0.995189 -0.0979719
    outer loop
      vertex 142 316.5 3.33067e-15
      vertex 127 316.471 0.292635
      vertex 127 316.5 0
    endloop
  endfacet
  facet normal 0 -0.773045 -0.634352
    outer loop
      vertex 127 316.247 0.833355
      vertex 142 316.061 1.06066
      vertex 127 316.061 1.06066
    endloop
  endfacet
  facet normal 0 -0.773045 -0.634352
    outer loop
      vertex 142 316.061 1.06066
      vertex 127 316.247 0.833355
      vertex 142 316.247 0.833355
    endloop
  endfacet
  facet normal 0 -0.0980207 0.995184
    outer loop
      vertex 127 315.293 -1.47118
      vertex 142 315 -1.5
      vertex 142 315.293 -1.47118
    endloop
  endfacet
  facet normal 0 -0.0980207 0.995184
    outer loop
      vertex 142 315 -1.5
      vertex 127 315.293 -1.47118
      vertex 127 315 -1.5
    endloop
  endfacet
  facet normal -0 0.471428 0.881905
    outer loop
      vertex 127 314.426 -1.38582
      vertex 142 314.167 -1.2472
      vertex 142 314.426 -1.38582
    endloop
  endfacet
  facet normal 0 0.471428 0.881905
    outer loop
      vertex 142 314.167 -1.2472
      vertex 127 314.426 -1.38582
      vertex 127 314.167 -1.2472
    endloop
  endfacet
  facet normal -0 0.290272 0.956944
    outer loop
      vertex 127 314.707 -1.47118
      vertex 142 314.426 -1.38582
      vertex 142 314.707 -1.47118
    endloop
  endfacet
  facet normal 0 0.290272 0.956944
    outer loop
      vertex 142 314.426 -1.38582
      vertex 127 314.707 -1.47118
      vertex 127 314.426 -1.38582
    endloop
  endfacet
  facet normal 0 0.881927 0.471385
    outer loop
      vertex 142 313.753 -0.833355
      vertex 127 313.614 -0.574024
      vertex 142 313.614 -0.574024
    endloop
  endfacet
  facet normal 0 0.881927 0.471385
    outer loop
      vertex 127 313.614 -0.574024
      vertex 142 313.753 -0.833355
      vertex 127 313.753 -0.833355
    endloop
  endfacet
  facet normal 0 0.773045 0.634352
    outer loop
      vertex 142 313.939 -1.06066
      vertex 127 313.753 -0.833355
      vertex 142 313.753 -0.833355
    endloop
  endfacet
  facet normal 0 0.773045 0.634352
    outer loop
      vertex 127 313.753 -0.833355
      vertex 142 313.939 -1.06066
      vertex 127 313.939 -1.06066
    endloop
  endfacet
  facet normal 0 -0.956912 0.290377
    outer loop
      vertex 127 316.386 -0.574024
      vertex 142 316.471 -0.292635
      vertex 127 316.471 -0.292635
    endloop
  endfacet
  facet normal 0 -0.956912 0.290377
    outer loop
      vertex 142 316.471 -0.292635
      vertex 127 316.386 -0.574024
      vertex 142 316.386 -0.574024
    endloop
  endfacet
  facet normal 0 -0.290272 -0.956944
    outer loop
      vertex 127 315.293 1.47118
      vertex 142 315.574 1.38582
      vertex 142 315.293 1.47118
    endloop
  endfacet
  facet normal -0 -0.290272 -0.956944
    outer loop
      vertex 142 315.574 1.38582
      vertex 127 315.293 1.47118
      vertex 127 315.574 1.38582
    endloop
  endfacet
  facet normal 0 0.995189 0.0979719
    outer loop
      vertex 142 313.529 -0.292635
      vertex 127 313.5 0
      vertex 142 313.5 0
    endloop
  endfacet
  facet normal 0 0.995189 0.0979719
    outer loop
      vertex 127 313.5 0
      vertex 142 313.529 -0.292635
      vertex 127 313.529 -0.292635
    endloop
  endfacet
  facet normal 0 0.956912 0.290377
    outer loop
      vertex 142 313.614 -0.574024
      vertex 127 313.529 -0.292635
      vertex 142 313.529 -0.292635
    endloop
  endfacet
  facet normal 0 0.956912 0.290377
    outer loop
      vertex 127 313.529 -0.292635
      vertex 142 313.614 -0.574024
      vertex 127 313.614 -0.574024
    endloop
  endfacet
  facet normal -1 0 0
    outer loop
      vertex 0 165 0
      vertex 0 315 3
      vertex 0 315 0
    endloop
  endfacet
  facet normal -1 -0 0
    outer loop
      vertex 0 315 3
      vertex 0 165 0
      vertex 0 165 3
    endloop
  endfacet
  facet normal 0 0 1
    outer loop
      vertex 27 315 3
      vertex 3.5 311.5 3
      vertex 27 311.5 3
    endloop
  endfacet
  facet normal 0 0 1
    outer loop
      vertex 3.5 311.5 3
      vertex 0 315 3
      vertex 3.5 168.5 3
    endloop
  endfacet
  facet normal -0 0 1
    outer loop
      vertex 0 315 3
      vertex 3.5 311.5 3
      vertex 27 315 3
    endloop
  endfacet
  facet normal 0 0 1
    outer loop
      vertex 200 315 3
      vertex 196.5 311.5 3
      vertex 200 165 3
    endloop
  endfacet
  facet normal -0 0 1
    outer loop
      vertex 173 315 3
      vertex 196.5 311.5 3
      vertex 200 315 3
    endloop
  endfacet
  facet normal 0 0 1
    outer loop
      vertex 196.5 311.5 3
      vertex 173 315 3
      vertex 173 311.5 3
    endloop
  endfacet
  facet normal -0 0 1
    outer loop
      vertex 196.5 168.5 3
      vertex 200 165 3
      vertex 196.5 311.5 3
    endloop
  endfacet
  facet normal -0 0 1
    outer loop
      vertex 3.5 168.5 3
      vertex 200 165 3
      vertex 196.5 168.5 3
    endloop
  endfacet
  facet normal 0 0 1
    outer loop
      vertex 3.5 168.5 3
      vertex 0 165 3
      vertex 200 165 3
    endloop
  endfacet
  facet normal 0 0 1
    outer loop
      vertex 0 165 3
      vertex 3.5 168.5 3
      vertex 0 315 3
    endloop
  endfacet
  facet normal -0 0 1
    outer loop
      vertex 6.5 308.5 3
      vertex 193.5 171.5 3
      vertex 193.5 308.5 3
    endloop
  endfacet
  facet normal 0 0 1
    outer loop
      vertex 193.5 171.5 3
      vertex 6.5 308.5 3
      vertex 6.5 171.5 3
    endloop
  endfacet
  facet normal -0 0 1
    outer loop
      vertex 42 315 3
      vertex 58 311.5 3
      vertex 58 315 3
    endloop
  endfacet
  facet normal 0 0 1
    outer loop
      vertex 58 311.5 3
      vertex 42 315 3
      vertex 42 311.5 3
    endloop
  endfacet
  facet normal -0 0 1
    outer loop
      vertex 73 315 3
      vertex 127 311.5 3
      vertex 127 315 3
    endloop
  endfacet
  facet normal 0 0 1
    outer loop
      vertex 127 311.5 3
      vertex 73 315 3
      vertex 73 311.5 3
    endloop
  endfacet
  facet normal -0 0 1
    outer loop
      vertex 142 315 3
      vertex 158 311.5 3
      vertex 158 315 3
    endloop
  endfacet
  facet normal 0 0 1
    outer loop
      vertex 158 311.5 3
      vertex 142 315 3
      vertex 142 311.5 3
    endloop
  endfacet
  facet normal 1 -0 0
    outer loop
      vertex 200 165 3
      vertex 200 315 0
      vertex 200 315 3
    endloop
  endfacet
  facet normal 1 0 0
    outer loop
      vertex 200 315 0
      vertex 200 165 3
      vertex 200 165 0
    endloop
  endfacet
  facet normal 0 1 0
    outer loop
      vertex 200 315 3
      vertex 173 315 1.5
      vertex 173 315 3
    endloop
  endfacet
  facet normal 0 1 0
    outer loop
      vertex 200 315 0
      vertex 158 315 1.5
      vertex 173 315 1.5
    endloop
  endfacet
  facet normal 0 1 0
    outer loop
      vertex 158 315 1.5
      vertex 200 315 0
      vertex 142 315 1.5
    endloop
  endfacet
  facet normal 0 1 0
    outer loop
      vertex 142 315 1.5
      vertex 200 315 0
      vertex 127 315 1.5
    endloop
  endfacet
  facet normal 0 1 0
    outer loop
      vertex 127 315 1.5
      vertex 200 315 0
      vertex 73 315 1.5
    endloop
  endfacet
  facet normal 0 1 0
    outer loop
      vertex 0 315 0
      vertex 73 315 1.5
      vertex 200 315 0
    endloop
  endfacet
  facet normal 0 1 0
    outer loop
      vertex 73 315 1.5
      vertex 0 315 0
      vertex 58 315 1.5
    endloop
  endfacet
  facet normal 0 1 0
    outer loop
      vertex 58 315 1.5
      vertex 0 315 0
      vertex 42 315 1.5
    endloop
  endfacet
  facet normal 0 1 -0
    outer loop
      vertex 200 315 0
      vertex 173 315 1.5
      vertex 200 315 3
    endloop
  endfacet
  facet normal 0 1 -0
    outer loop
      vertex 158 315 1.5
      vertex 142 315 3
      vertex 158 315 3
    endloop
  endfacet
  facet normal 0 1 0
    outer loop
      vertex 142 315 3
      vertex 158 315 1.5
      vertex 142 315 1.5
    endloop
  endfacet
  facet normal 0 1 -0
    outer loop
      vertex 127 315 1.5
      vertex 73 315 3
      vertex 127 315 3
    endloop
  endfacet
  facet normal 0 1 0
    outer loop
      vertex 73 315 3
      vertex 127 315 1.5
      vertex 73 315 1.5
    endloop
  endfacet
  facet normal 0 1 -0
    outer loop
      vertex 58 315 1.5
      vertex 42 315 3
      vertex 58 315 3
    endloop
  endfacet
  facet normal 0 1 0
    outer loop
      vertex 42 315 3
      vertex 58 315 1.5
      vertex 42 315 1.5
    endloop
  endfacet
  facet normal 0 1 -0
    outer loop
      vertex 27 315 1.5
      vertex 0 315 3
      vertex 27 315 3
    endloop
  endfacet
  facet normal 0 1 0
    outer loop
      vertex 27 315 1.5
      vertex 0 315 0
      vertex 0 315 3
    endloop
  endfacet
  facet normal 0 1 0
    outer loop
      vertex 42 315 1.5
      vertex 0 315 0
      vertex 27 315 1.5
    endloop
  endfacet
  facet normal 0 0 -1
    outer loop
      vertex 200 165 0
      vertex 173 310 0
      vertex 200 315 0
    endloop
  endfacet
  facet normal 0 0 -1
    outer loop
      vertex 115 209 0
      vertex 173 310 0
      vertex 200 165 0
    endloop
  endfacet
  facet normal 0 0 -1
    outer loop
      vertex 158 310 0
      vertex 142 310 0
      vertex 158 313.5 0
    endloop
  endfacet
  facet normal -0 0 -1
    outer loop
      vertex 173 310 0
      vertex 115 209 0
      vertex 158 310 0
    endloop
  endfacet
  facet normal -0 0 -1
    outer loop
      vertex 158 310 0
      vertex 115 209 0
      vertex 142 310 0
    endloop
  endfacet
  facet normal -0 0 -1
    outer loop
      vertex 142 310 0
      vertex 115 209 0
      vertex 127 310 0
    endloop
  endfacet
  facet normal 0 0 -1
    outer loop
      vertex 115 209 0
      vertex 200 165 0
      vertex 115 174 0
    endloop
  endfacet
  facet normal 0 0 -1
    outer loop
      vertex 200 165 0
      vertex 85 174 0
      vertex 115 174 0
    endloop
  endfacet
  facet normal 0 0 -1
    outer loop
      vertex 0 165 0
      vertex 85 209 0
      vertex 85 174 0
    endloop
  endfacet
  facet normal 0 0 -1
    outer loop
      vertex 85 209 0
      vertex 58 310 0
      vertex 73 310 0
    endloop
  endfacet
  facet normal 0 0 -1
    outer loop
      vertex 58 310 0
      vertex 42 310 0
      vertex 58 313.5 0
    endloop
  endfacet
  facet normal 0 0 -1
    outer loop
      vertex 85 209 0
      vertex 42 310 0
      vertex 58 310 0
    endloop
  endfacet
  facet normal 0 -0 -1
    outer loop
      vertex 27 310 0
      vertex 85 209 0
      vertex 0 165 0
    endloop
  endfacet
  facet normal 0 0 -1
    outer loop
      vertex 0 315 0
      vertex 27 310 0
      vertex 0 165 0
    endloop
  endfacet
  facet normal 0 0 -1
    outer loop
      vertex 85 209 0
      vertex 27 310 0
      vertex 42 310 0
    endloop
  endfacet
  facet normal 0 0 -1
    outer loop
      vertex 0 165 0
      vertex 85 174 0
      vertex 200 165 0
    endloop
  endfacet
  facet normal 0 0 -1
    outer loop
      vertex 173 313.5 0
      vertex 200 315 0
      vertex 173 310 0
    endloop
  endfacet
  facet normal 0 0 -1
    outer loop
      vertex 158 313.5 0
      vertex 200 315 0
      vertex 173 313.5 0
    endloop
  endfacet
  facet normal 0 0 -1
    outer loop
      vertex 142 313.5 0
      vertex 158 313.5 0
      vertex 142 310 0
    endloop
  endfacet
  facet normal 0 0 -1
    outer loop
      vertex 142 313.5 0
      vertex 200 315 0
      vertex 158 313.5 0
    endloop
  endfacet
  facet normal 0 0 -1
    outer loop
      vertex 127 313.5 0
      vertex 200 315 0
      vertex 142 313.5 0
    endloop
  endfacet
  facet normal 0 0 -1
    outer loop
      vertex 73 310 0
      vertex 127 310 0
      vertex 115 209 0
    endloop
  endfacet
  facet normal 0 0 -1
    outer loop
      vertex 73 310 0
      vertex 115 209 0
      vertex 85 209 0
    endloop
  endfacet
  facet normal 0 0 -1
    outer loop
      vertex 127 310 0
      vertex 73 310 0
      vertex 127 313.5 0
    endloop
  endfacet
  facet normal 0 0 -1
    outer loop
      vertex 73 313.5 0
      vertex 127 313.5 0
      vertex 73 310 0
    endloop
  endfacet
  facet normal 0 0 -1
    outer loop
      vertex 73 313.5 0
      vertex 200 315 0
      vertex 127 313.5 0
    endloop
  endfacet
  facet normal 0 0 -1
    outer loop
      vertex 0 315 0
      vertex 73 313.5 0
      vertex 58 313.5 0
    endloop
  endfacet
  facet normal 0 0 -1
    outer loop
      vertex 42 313.5 0
      vertex 58 313.5 0
      vertex 42 310 0
    endloop
  endfacet
  facet normal 0 0 -1
    outer loop
      vertex 0 315 0
      vertex 58 313.5 0
      vertex 42 313.5 0
    endloop
  endfacet
  facet normal 0 0 -1
    outer loop
      vertex 0 315 0
      vertex 42 313.5 0
      vertex 27 313.5 0
    endloop
  endfacet
  facet normal 0 0 -1
    outer loop
      vertex 73 313.5 0
      vertex 0 315 0
      vertex 200 315 0
    endloop
  endfacet
  facet normal 0 0 -1
    outer loop
      vertex 27 310 0
      vertex 0 315 0
      vertex 27 313.5 0
    endloop
  endfacet
  facet normal 0 -1 0
    outer loop
      vertex 0 165 0
      vertex 200 165 3
      vertex 0 165 3
    endloop
  endfacet
  facet normal 0 -1 -0
    outer loop
      vertex 200 165 3
      vertex 0 165 0
      vertex 200 165 0
    endloop
  endfacet
  facet normal -1 0 0
    outer loop
      vertex 85 174 -5
      vertex 85 209 0
      vertex 85 209 -5
    endloop
  endfacet
  facet normal -1 -0 0
    outer loop
      vertex 85 209 0
      vertex 85 174 -5
      vertex 85 174 0
    endloop
  endfacet
  facet normal 1 -0 0
    outer loop
      vertex 115 174 0
      vertex 115 209 -5
      vertex 115 209 0
    endloop
  endfacet
  facet normal 1 0 0
    outer loop
      vertex 115 209 -5
      vertex 115 174 0
      vertex 115 174 -5
    endloop
  endfacet
  facet normal 0 1 -0
    outer loop
      vertex 115 209 -5
      vertex 85 209 0
      vertex 115 209 0
    endloop
  endfacet
  facet normal 0 1 0
    outer loop
      vertex 85 209 0
      vertex 115 209 -5
      vertex 85 209 -5
    endloop
  endfacet
  facet normal 0 0 -1
    outer loop
      vertex 85 174 -5
      vertex 115 209 -5
      vertex 115 174 -5
    endloop
  endfacet
  facet normal -0 0 -1
    outer loop
      vertex 115 209 -5
      vertex 85 174 -5
      vertex 85 209 -5
    endloop
  endfacet
  facet normal 0 -1 0
    outer loop
      vertex 85 174 -5
      vertex 115 174 0
      vertex 85 174 0
    endloop
  endfacet
  facet normal 0 -1 -0
    outer loop
      vertex 115 174 0
      vertex 85 174 -5
      vertex 115 174 -5
    endloop
  endfacet
endsolid OpenSCAD_Model
